6.494958213746547804e-01,3.711183374146745928e-01,8.841933357530828985e-02
7.910324104067608664e-01,1.897423256208677911e-01,2.322120213650864240e-01
7.824252413685041097e-01,1.176427008491205510e-02,2.105171961713169226e-01
5.514369399710675745e-01,-6.824314987573111557e-03,3.862946054948919739e-01
-1.929369617750014143e+00,-1.382547780494685075e+00,-4.007908930457823038e-01
7.966527339397374563e-01,-7.481082494851283571e-02,2.954152905177517829e-01
8.212614852245782027e-01,6.160121377483500638e-01,-1.187627110096740046e-01
-8.915640890021356846e-01,-2.370607587633865254e+00,-2.184702618827378817e+00
-4.656774296421893784e-03,-2.540967394144532099e-01,4.524688249044759303e-01
8.031495393713485864e-01,-2.455302368877445851e-01,3.788180837096893350e-01
2.316648624970240045e-01,2.210226992707437776e-01,-2.721191826463923435e-01
6.255163370328207240e-01,8.380141564436002777e-02,-1.457831103400106521e-01
-2.227137856842181574e+00,-1.647978260332194855e+00,-1.346903813208064626e+00
-1.359489614119356871e-01,-1.381609428481349600e+00,1.118345629978112266e+00
2.761076675952787718e-01,-5.724127933510153587e-01,1.659891085517469500e-01
1.027598602629069768e+00,8.916551336686456830e-01,3.663630430382262548e-01
5.326171047852181761e-01,2.671199403743098610e-01,3.700738898948050665e-02
4.903497300999776765e-01,-1.754713788907460437e-01,5.408597523119523798e-01
6.512194635558601896e-02,-2.886051207761306317e-02,4.124007539709130532e-02
-4.175293686657246747e-03,-9.677693047290194528e-01,-7.012295308799910698e-01
5.430747385606515820e-01,-3.515532543819911426e-01,7.092724181457660260e-01
-2.256950941972592217e-01,8.635150020855734132e-01,1.450661678330668503e+00
3.458120223254756431e-01,-2.075259041725722176e-01,-1.833687924387120027e+00
-3.514051573385595373e-01,1.116583628242887732e-01,2.553505758751985905e-02
-2.596669564719851664e+00,-3.545433173021931839e-01,7.499428392480731453e-01
4.405954364628124065e-01,-2.542555652558089463e-01,-1.936072011955168592e-01
4.436882418239012638e-01,-4.021157081832136271e-01,8.110241126554308400e-01
-2.445388604477518046e-01,-1.406168692377899876e-01,2.722236790716392463e-02
2.558382471836030958e-01,-2.219577165944335885e-03,-5.028105775345541595e-01
-1.675417388102637517e+00,1.264515705802412793e+00,7.402820691824134602e-01
5.684801290380474548e-01,-4.240923067432558202e-01,-2.322413515203164136e-01
6.817428094359777591e-01,1.977336932194392882e-02,1.665039316040177464e-01
-7.964342993557154138e-01,-2.892616864906932816e-01,2.794147092385807607e+00
-1.631376509706820466e+00,-2.071711982000469909e+00,1.710035993006847832e+00
-3.041223315320514597e+00,1.047107600172873854e+00,-5.973788163345257196e-01
6.332418251052051028e-01,-8.250739430864832691e-02,-1.332029702881470101e-01
6.362721953400484187e-01,-2.430642314713979679e-01,2.614651729984867057e-01
6.064617361490863834e-01,-3.465610662970791123e-01,2.277637873669638158e-01
2.125147787896307927e-01,2.389481009696320934e-01,3.392266723957549912e-01
-1.568837918586999391e+00,-6.804780420700304311e-02,-1.436506024532291197e-02
8.907630796019421204e-01,1.190082190881303070e-01,-4.203414092343363273e-01
-2.282588028829270199e-01,-4.022688055069463253e-01,4.123955459022017322e-01
-7.268215478952211317e-01,-1.565244295829345322e+00,4.015394003185763228e-01
8.043958828354860202e-01,1.540563624879095761e-01,-1.174009250523724707e-01
-3.081090391867550071e+00,-1.087587612908028634e+00,-1.793986010955304744e+00
1.416257414339459619e-01,4.602743675783791399e-01,1.080771103896472837e-02
-2.088245396575254986e+00,1.271749474435121430e+00,1.011488510477440483e+00
6.258913352271939790e-01,1.830630924685015204e+00,-7.733814647074773729e-01
-1.582164560217097726e+00,5.052049389012618352e-01,-1.155936692274655009e-01
6.402079813782979301e-01,2.022566116087101407e-01,-7.665392434586006942e-01
7.849637813626938465e-01,4.702911611435396377e-01,1.027426863262370788e-01
7.625728521907397806e-01,1.291779491266932256e-01,-5.442400830186158167e-01
-4.462923938632775145e-01,-6.924038788873458916e-01,9.218256782492503243e-01
3.999693265888227267e-01,2.421904765209751953e-01,-1.293539585283465465e+00
8.289761463716769363e-01,3.700555062156786201e-01,1.150326474984068731e-01
-2.099739374606578446e-01,2.553139020924808378e-01,-8.184325149467703842e-01
-6.262341803628805881e-01,-7.917601732700055850e-01,-1.003193022945844115e+00
-6.301152510072370871e-01,-7.136823047952333132e-01,1.187976874148163331e+00
3.401808852328042088e-01,3.894758672389988519e-01,6.317963167502106403e-01
6.505131108544041085e-01,-4.600874413021168730e-01,1.400786470144382012e-01
-5.904302237098068007e-01,-1.662954332792968559e-01,-1.043502317523266054e+00
-2.554755078184304251e-01,-1.532121403773196278e+00,3.176350547989064133e-01
-6.800695256800401989e-01,2.320913878960379761e-01,-1.275149789137961953e+00
-7.125270316243531576e-01,5.570034177642932960e-01,-5.677123679934918954e-01
2.992861488884407950e-01,-5.528150247300823994e-02,-2.835599569583142632e-01
8.589485230336409982e-01,-2.328792558953427239e-01,6.505775183460875688e-01
1.133387611474029749e-01,-4.256607844137079710e-01,-1.095303895340866474e+00
9.356143079686509711e-01,9.395347036314656564e-02,3.735915399038736151e-01
-2.449418497120379623e+00,1.882503002016489013e-01,2.108551165363573343e+00
-1.564127655064030120e-01,-2.066372458390036693e-01,1.224253229019706790e+00
3.165010885083229253e-01,5.281476399852347292e-01,1.770515521428627503e-01
-1.143967812182361266e-01,-3.121176446593968423e-01,-6.809952975709626655e-01
7.608242968806491202e-01,2.218780179299372213e-01,1.216973388549505292e-01
4.939234746895999617e-01,-2.277563806920823442e-01,-3.155399289797892748e-01
6.705510186444575416e-01,8.281248023177978368e-02,1.069093606951114217e-01
1.336422967780495075e-01,-5.790478750290422028e-01,-4.881854652517205184e-01
2.360830253028433356e-01,2.867889231796212912e-01,7.919582770989244125e-01
-4.135377612176832640e-01,5.255858566937493537e-01,-4.377658065087682293e-01
-1.659358868878200999e-01,7.924727783730771691e-01,1.704927968612387768e-01
6.307645804587048710e-01,2.154738550294658384e-01,1.240387071477438430e-01
1.053168262683454315e-01,3.307469275345149007e-01,-1.652820416705643725e+00
-1.637529396604091025e-01,-4.028385174997123341e-01,1.261215767683519839e+00
7.799741391507569732e-01,7.553622889171409671e-01,-4.652209762763792611e-01
4.770895695036579398e-01,4.605684042797246747e-01,-9.087573065175825748e-01
7.834147091757800441e-01,-9.163420934264161766e-02,2.175759996208526115e-01
6.585607854697218544e-01,4.171738420973769568e-01,4.289453846203319931e-02
1.472774272001150075e+00,-9.544968452141433524e-01,2.448381464497311644e+00
-5.859090452418067585e-01,-1.052396214623544379e+00,-2.155077029245473230e-01
7.524866729491305195e-01,5.585993701990892291e-01,-2.123705180593473893e-02
6.577499509526027466e-02,-1.461942074817408566e+00,-1.001588958233901483e+00
1.036130495136948104e+00,5.338634530365981012e-01,-4.135620433967312493e-01
-2.462708276099985216e-01,-9.572186264455727622e-01,-1.030293219574594188e+00
4.905218397869396951e-01,2.474424659460500442e-01,1.002251260724862814e+00
5.576276679040250567e-02,-1.157774380016964200e+00,-4.109429165484768109e-01
7.088237209492451729e-01,-2.052101363072225682e-01,4.154962305147286844e-02
-3.335172763493262416e+00,2.154667655042768803e+00,1.303708817015486909e+00
-1.336347872896498812e+00,-1.745382909891457945e+00,-6.866352600119439709e-01
1.265072915979966961e+00,-3.311070749597343488e-01,5.978944705259695569e-01
-3.664841678007679099e-02,-5.211697265094605847e-01,-1.016508392701113705e-01
8.023722580981794694e-01,3.414758356105974113e-01,-2.748964803674452950e-02
3.505046411779593196e-01,2.105658078881718354e-01,3.514426613320675297e-01
-9.937131551108042693e-01,7.173033218825353163e-01,-1.536171890975025767e-01
4.073808355012698001e-01,-2.947547562567493507e-01,2.742297587064862485e-01
5.561692456963326370e-01,3.704882805197902140e-01,-1.334855846209121122e+00
-4.176173884965533878e-01,-8.757049971581020165e-01,-1.120415642177728710e+00
7.217098971457270862e-01,2.355158650578738078e-01,-6.094542892433026451e-03
4.658221441598116574e-01,4.772975901505790430e-01,-2.157357315171571088e-01
-6.281701648019846762e-02,6.277432471705151062e-01,-9.041105408450368364e-01
6.167428536604505629e-01,-4.570026490760810134e-01,-1.642764650707354279e-01
-5.319305580521586085e-01,-2.841425447198596910e+00,1.026067123458722197e+00
-3.031540219316906537e+00,6.076954596783397111e-01,2.054278291240812404e+00
-9.642648931810798851e-01,1.402578376913175218e+00,-8.370688326980809668e-01
3.215190496104641249e-01,9.603962789681844692e-01,-6.315173244554426191e-01
4.071247567809836987e-01,1.308116403479510081e+00,1.468183391883430833e-01
-3.747514462509010102e-01,2.016858706058189732e+00,5.594802767070000682e-01
3.914770825298736767e-01,1.971821832624396642e-01,-1.344754699789836305e-01
-2.330440875855786409e+00,2.214911193799568689e+00,2.000863949445318646e+00
6.126810073935312628e-01,6.909941500122223079e-01,3.362421017529536593e-01
5.937432146993621984e-01,-5.947147690672300868e-01,-8.024112453525209521e-01
3.813370654160113671e-01,-9.483418239303063046e-01,-1.844748250604550055e+00
3.822612866750404459e-01,-5.450491105182723173e-01,5.347866755653803983e-01
-2.693169379437276856e-01,-9.887420236540925833e-01,-7.354849684776850749e-01
-1.049385408965390676e+00,-1.127739134665768805e+00,-4.479124151953697286e+00
-1.346766281119359809e-01,2.738697610334082655e-01,-2.010182104387879254e-01
-1.867648915158915734e+00,-3.390144874028394373e+00,4.001199284549379342e+00
7.969280902378579334e-01,1.709435323492045633e-01,9.011577453542035654e-02
5.138652102330093507e-01,3.884642946514862416e-01,-2.414169190612460159e-01
1.463873124158874273e+00,4.610653379933848384e-01,1.341489485131744708e+00
6.630647400823247439e-02,-5.545862157733252307e-01,-6.319781624927366392e-01
5.154193456781266391e-01,1.754588751757235332e-01,1.811001093158753905e-01
-1.705233431456854243e+00,-1.806885718879308600e+00,2.897302882132972712e+00
-3.881367741019493556e-01,-6.275542673055652110e-02,-3.092357779799191353e-01
2.279666411650079980e-02,-9.752421675261880862e-01,-2.623969786565230056e+00
2.157416177743130270e-01,-6.511674052155953518e-01,-4.719786456414314935e-01
-2.293413068850664871e-01,-9.795572887509848004e-01,5.485941320353174833e-01
3.644429307719894151e-01,7.016417655794029429e-01,-3.531817544667983921e-01
-7.548748492989603154e-01,1.024581025050314703e-01,1.589060771071472811e+00
1.107202722061787908e-01,-4.941077319782031796e-01,3.284626314160144500e-01
-4.979628507258510722e-02,-3.698163130513544283e-01,1.384224253939038141e+00
4.503526946818152132e-01,8.483941312516500577e-02,-7.405766947948182466e-01
-1.953840626267402181e+00,-2.443565516318677577e+00,-4.008836194960593957e+00
1.070092458129277974e-01,-7.991163171006306909e-01,-6.000354913834571313e-01
5.087519789730845510e-01,5.637660045418546595e-01,3.377329725405903704e-01
7.421318606578128918e-01,1.236894586959348535e-01,-5.580778557116247152e-01
6.128271743703109786e-01,5.415732574332715599e-01,3.058018573348785796e-01
8.578776523514929364e-01,-9.519902330008295221e-03,5.485227942621744290e-01
7.959091068051045159e-01,1.263266904769520804e-01,2.164299300526165981e-01
8.219720258131950619e-01,1.753890309188406438e-01,1.476247021782121360e-01
-3.993936861852419029e-01,-1.219994770061818778e+00,-3.153490956571383563e+00
-1.733447533230292770e+00,1.699694559941647976e+00,-1.498984167197499717e+00
-5.148078236414094927e-02,1.180878266986100655e+00,-2.259621477938190959e-02
-5.721014091402782942e-01,2.844242774936699636e+00,-1.182437675058655602e+00
-5.013278296510940812e+00,6.117384649054823598e+00,-1.471981392891081208e+00
5.352657893827414970e-01,-1.563063461754911065e-01,-4.131286817740494888e-01
1.965241767357927827e-01,-2.100618845482451036e+00,1.815191103851391263e+00
5.677531850635462174e-01,4.266904482424838663e-01,2.348074670386323115e-01
8.783197676975484924e-01,3.761275835832011971e-01,2.484192447953560146e-01
5.626782057447081709e-01,-3.268360921056669838e-02,-6.600964895399345778e-02
6.446931229062592417e-01,1.175050120301370099e-01,2.779241169989675186e-01
5.753084903585452548e-01,2.790285732945182312e-02,3.126992854296943292e-01
-2.257185288748281060e+00,3.410842451844912082e-01,-2.327903471973604699e+00
-7.925075552847687943e-02,-2.415451396360113450e-03,7.861699439548998358e-02
6.470902077898206262e-01,3.323514422942882435e-02,4.250388734564284482e-02
-8.466399219870518467e-01,-1.209665375325278402e+00,8.122397232086032703e-01
5.703435225955938437e-01,-2.819703513373859494e+00,4.604216739816289344e-03
-6.043598077653945522e-01,-1.410645784715644613e+00,-7.074321837077490738e-02
1.511030799004879355e-01,3.496579237189559874e-01,-3.305284269119554419e-01
2.655387099211908297e-01,-1.602478229360980166e-01,9.477465735412508030e-01
6.405888064041431740e-01,-4.836185264607253953e-01,-7.113882324049636274e-01
1.726823136058792951e-02,-4.421683913186256754e-01,1.928694028271329186e+00
5.947073013369361671e-01,5.293936149051224893e-01,1.298235269478751119e+00
-1.461360981296526695e-01,-9.211406894884886787e-02,-1.975635236739528913e-02
2.942416163952379371e-01,5.782118882042662777e-01,8.348034630191080163e-01
9.968779324120587981e-01,4.141841268805631082e-01,6.648363425831560480e-01
8.017406018143652391e-01,-5.073394258492439080e-02,7.156609192329133062e-01
4.699282909551336651e-01,1.583389049378457925e+00,1.081448639125290212e+00
3.517189315977202191e-01,-1.075472999784919725e+00,-1.035491526914199767e+00
2.995050972644769938e-01,-1.188693450462090073e+00,1.420447386618069796e+00
6.759706969853945813e-01,-6.539031631257328364e-03,-3.210409636393127819e-01
8.718247708127113693e-02,1.133061246436747604e-01,1.186747573974171466e-01
1.405817540054518533e+00,5.921492216554710142e-01,6.204004847215632834e-01
-3.059891675998110738e+00,-3.242384661135411239e+00,-1.025130180594278517e+00
-1.234102619022745539e-01,-2.827836083960415525e-01,3.701770385109344197e-01
3.341719497367883762e-01,-3.821480245378038876e-01,7.638000466310992387e-01
1.207968184992657790e+00,3.995321264231830871e-01,-7.078436840982078593e-01
-8.468949389839252051e-01,-3.861261168968250779e-01,-2.556184174906801942e+00
9.533326624584406161e-01,-1.501772642148005987e+00,-8.039058649200129247e-01
4.463695592477943119e-01,-2.446522310300715264e-01,3.222878997962543290e-01
4.626398945244543093e-01,-2.787017234371106378e-01,5.881653548267822273e-01
-8.790729598634930975e-01,7.170217646379314358e-01,-4.597976784261800787e-01
3.326428950053442191e-01,-1.253625829972813410e-01,-1.553632033106652210e+00
6.832045143510634411e-01,-4.088370322150584185e-02,-3.477231156303520199e-01
5.215028609403286053e-01,-6.322565995101787628e-01,9.748847546311828483e-01
-1.028173727028578011e+00,7.873596298389246018e-01,-6.283255750493321745e-02
5.524511597002383922e-01,-1.776158583137187053e-01,3.541794214275491987e-02
4.707132986485667581e-01,-3.048436344849588253e-01,-1.121425137639605052e-01
8.687047832872382136e-01,-1.137138854932492754e-01,6.583143525913874861e-01
7.504957663293448933e-01,3.849553055456882422e-01,7.643945664946179275e-02
2.846862111846826804e-01,1.491727282696143908e-01,-1.877164697553824979e+00
4.947815734509885544e-01,-8.170277560241416825e-01,-7.876231731153147120e-01
-3.842725265985530436e-01,4.719691673192557002e-01,2.004735591178705256e+00
1.901946367774662305e-01,-2.274295105424124497e+00,-1.906301695344944092e-01
9.059769099123446967e-01,5.447081060456471224e-01,8.361196883679512803e-02
7.998049688861857964e-01,7.563752686162279470e-01,6.511969711202877931e-02
5.718128291171287181e-01,2.056165669134668583e-01,6.747016506541095304e-02
-6.591112372278451481e-01,-1.882523454550335762e+00,5.770954614952620298e-01
-8.346800158721925378e-01,-1.724360637453994372e-01,-9.735384083713014003e-02
-4.957177178764147762e-01,9.444657959446563222e-02,5.849831738031896489e-01
6.063951682471308002e-02,-3.442275742787451742e-01,-4.190701794963319071e-01
1.156055229655932742e-02,1.434378191715915740e+00,2.139813283419223833e+00
-1.024667721504215923e+00,4.945876670075733395e-01,-4.286387133911172542e-01
1.710166042926725416e-01,7.272061454398912050e-02,-1.265280316225337209e+00
3.939695050644834162e-01,7.602162139189406753e-01,9.958841434040598128e-02
1.022655967941889843e+00,4.156587584254152756e-01,-3.587015819689039556e-03
7.927376215214730903e-01,1.391794624426765103e-01,8.587082539860986519e-02
1.368218148877630991e-01,1.137798450578350495e+00,-5.834655970386698476e-01
4.080749721636587890e-01,2.531904144637956433e-01,-3.201439432225267057e-01
5.632581656511038704e-01,2.572127885401777614e-01,7.172734513092533515e-01
7.424314592337619700e-01,5.625652325819847921e-02,-1.693238692528043821e+00
-1.921894411447795381e+00,1.190051882534854055e+00,-8.399932835761334537e-01
1.329049823096342953e-01,-3.495214910592482349e-01,5.135712337909085212e-01
6.715207136176207792e-01,3.655794890567900645e-03,4.938326656788037949e-01
-8.773677639682794238e-01,5.732569040772215185e-01,-1.959433421258387709e+00
5.954845784586811769e-02,2.220911789457764851e-01,3.056575731558293096e-01
3.451761251817219156e-01,3.074031318848279293e-01,-2.908909840543748571e-01
8.844051449680701005e-01,2.727665642469345175e-01,2.047155178431715045e-02
1.472909875839959470e-01,-7.214464087372250978e-01,-7.952617697845443256e-01
1.777259072346846658e+00,-7.844866787557164267e-02,-2.049073641522596023e-01
2.118606894824431208e+00,7.799812282819188480e-01,-6.465205216252103426e-01
6.808207050878650746e-01,-2.887649506951889267e-02,4.329664814670078354e-01
-7.799761001760875390e-01,-8.211454058139961987e-01,2.244634035284849283e+00
4.303224844864568521e-02,-1.188533915009583851e-02,2.396712145799594573e+00
1.081412649126783698e+00,-3.854930195711276930e-01,-9.622888107196442276e-01
3.125954237922743961e-01,-2.117496791038216974e-01,2.133852764132035673e-01
1.683440264911887363e-01,2.746260192814755641e-01,4.345116889259406090e-01
-1.065859930033645764e+00,-1.409986761036636116e+00,-5.538699036177334722e-01
7.398483425173867367e-01,2.106161578085181951e-01,4.878967823064646603e-01
1.268579583574132585e-01,3.086695178235552284e-01,-1.141469463511192162e+00
6.628254995356098744e-01,3.833617288390570588e-01,7.855035937048534533e-01
9.184414574077359728e-01,1.312636424243590061e-01,2.136141009945806135e-01
-1.982329402859338285e-01,-2.016562004209667414e-01,-5.325440543585836517e-01
1.267029378558413244e+00,-8.981035531635225833e-02,1.093344619333005641e+00
5.378662658449657741e-01,-2.559003725579881428e-01,2.400423778853101320e-01
-9.060010459570793095e-01,-6.302383117522577516e-01,-1.312999628544648134e+00
4.288211116931838207e-01,2.250477608600116031e-01,2.704736965954176661e-02
-2.941971679902410375e-01,-1.092145075553621281e+00,-1.916747913235794520e-01
-1.139973660283332135e+00,8.885306493325276778e-01,-1.394495352654584464e-01
-7.661593697298042516e-01,-1.406179528333983297e+00,-8.372572020556757755e-01
-8.332425971761360239e-01,2.784140297138988362e-01,9.386309756874623433e-01
-3.781951265266217943e-01,4.502644389553426829e-01,-1.483618314234179003e+00
1.717490363000555575e-01,1.773544823551369332e+00,-3.665144914709305701e-01
6.967509395935054251e-01,9.812122843062272004e-01,-9.162781966222048602e-03
3.864482813939295602e-01,-1.153951863806285116e+00,1.994352106476729170e-01
-3.014909216239490819e-01,2.329607437441753304e-01,-4.654916098912986050e-02
-3.185490853579083237e-01,-7.884148636176059599e-02,4.289676460159738136e-01
-1.718223840727453267e+00,1.800130072926811931e+00,-3.097880553916148583e-01
1.192098537462886298e+00,8.739825122401484458e-01,7.398214329600836248e-01
4.566173790119187892e-01,-1.434236706613608303e-01,5.458310858879251715e-01
4.997227603117863071e-01,9.637250676673283362e-03,-7.317035692416973269e-01
1.494894418163917049e-01,-5.601077859496407241e-01,-1.229362518221607026e+00
-1.370340084711026307e+00,4.787591892977250546e-02,-1.829182777179420683e+00
-3.182852719502052841e-01,9.352469713196618351e-01,-5.320695224365693532e-01
1.155601383494215595e+00,6.723049756004135791e-01,-5.576531806031163885e-02
6.245951866372113637e-01,-6.259400764182936339e-01,8.142347988695738947e-02
3.288041382092584675e-01,3.424360155661685390e-01,-8.183584004472180817e-01
-8.516478466375443368e-01,1.016704012264186829e+00,-1.194970508458612496e-01
2.169047205673761136e-01,2.689541673469252880e-01,1.395628160147542596e-01
2.418296717988666911e-01,-1.706741319359992570e-01,-6.417425982385375205e-01
1.063667060819632137e+00,-1.057716916248127720e-01,-2.602011422153797326e+00
6.548754681869624061e-01,-1.304075711949887750e-01,-6.943270235975403104e-02
2.876952500213632580e-01,-5.900261144623729637e-01,-9.748454229822577366e-01
1.166395454626982353e+00,7.453843733188993126e-02,-1.391339744252992061e-01
-1.766489595275074320e+00,4.540927915705708640e-01,-3.608023144760146850e-01
-3.509799186515849545e-01,-1.564022054851837984e-01,8.596143834722728139e-01
4.427683884744950671e-01,-7.184150663830771166e-02,-1.244865616041203604e-01
4.501616174686178251e-01,4.786207714460720686e-01,-4.652844571737830837e-01
3.122315774233239694e-01,-4.111249475426703159e-01,2.473130871982035517e-01
7.267452251056012447e-01,1.482709474114855541e-01,-1.026199548877820833e-01
6.665061315101228345e-01,7.461642933984125037e-02,1.629949884415185235e-01
3.788434809084159638e-01,-1.646864376753329751e-01,4.515856363106506705e-02
1.072455626512190507e+00,1.574222651779393356e+00,6.917626485999205377e-01
1.076057257879778351e-01,-5.224103569923531643e-01,-1.764744900140152728e+00
-2.721851568147132916e+00,-1.499908058003694311e+00,7.855420343384850179e-01
8.366013321292050664e-01,1.147047343537670239e+00,9.173266101471353462e-01
7.752580589225117613e-01,2.267045974868931169e-01,4.438431992647379754e-01
3.020825187167026082e-01,4.687111599235541104e-01,-1.807968364712940201e-01
4.411608700296702490e-01,5.903796031413299783e-01,-4.446405722962629703e-01
7.997875503743238912e-02,3.498422429856722360e-01,-1.673637174544904571e+00
-2.478902827249211960e+00,2.730505298259652935e+00,-2.308692346435479159e+00
1.306411732804307890e-01,8.965623547566808904e-01,-1.145428038168701396e-01
2.546795660075960033e-01,-4.459570384567804191e-01,2.940061353719863324e-01
6.726670698397464454e-01,-2.327047653332312838e-01,5.558231310924429541e-02
2.562289721312583923e-01,1.716492761993706762e-01,3.802696481268050821e-01
6.144809004028879418e-01,-6.573858565264505127e-02,-1.396985970050999837e-01
4.327359599686218528e-01,-1.205544317661945003e-01,7.297328629196334626e-01
1.036965928838482043e+00,2.536008257544233313e-01,4.108849057645449498e-01
1.604126369620818837e-01,-6.349773287587903159e-01,3.725879746338897625e-01
-7.089542905940681150e-01,3.381272698436609936e+00,7.815045486465617142e-01
4.960217058325204209e-01,-6.675296518885671937e-02,-1.874929125524920914e-01
1.061103779961245275e+00,2.670858790902728153e-01,-5.829225164889329132e-03
-2.808103484151855511e+00,-1.036893853577909752e+00,2.735547212926495164e-01
7.025101389308885391e-01,-1.262623624458965310e-01,6.544189448007243781e-01
6.413061844323563188e-01,2.718335147940870167e-01,-2.187848462031261737e-02
6.589984412465500485e-01,1.216394986391509253e-01,-1.026756003524592481e-01
6.405003751472949647e-01,4.348489419220195051e-01,9.522341822916695619e-01
4.563595021872907109e-01,1.369764214062860197e-01,4.384726928304543137e-01
-4.882009964187662421e-01,-2.531946077515762283e+00,-1.179448418655229869e+00
5.069620445658827856e-01,3.421715973395655364e-01,3.051735823300720796e-01
1.435511441242205422e+00,7.898000307059015457e-01,-5.820208170634570966e-01
4.587861007053852802e-01,1.498947457651857107e+00,1.325931171103792661e+00
7.158861762542536589e-01,2.659148553956179883e-01,1.509172980098714423e-01
7.687431268518858385e-01,9.290095299150706865e-01,-1.865703338739562178e-01
-8.314725925204133894e-01,-1.702033981035108612e+00,-6.980163816370115182e-01
1.330749313424768099e+00,4.344517160736205419e-01,6.003897725082457670e-01
2.395368102614277572e-01,1.887504914868421702e-01,-7.802093309155037071e-01
5.024631169203577219e-01,-6.653260743833332436e-01,8.222253622846534826e-01
-8.768618910525002308e-01,-6.549343458569398813e-01,1.659328507796517416e+00
1.016114061432754401e+00,3.343480008401208958e-01,-1.064416816020022472e+00
9.190126565879355169e-01,6.732020990351647027e-01,1.036526516896876284e-02
3.933135513939196026e-01,-1.297793360659852402e+00,3.243660976600522550e-01
7.243566756667638162e-02,-1.928043725031396149e-01,-2.915078205426420710e-01
-1.069344342682734705e+00,-4.796312743477717522e-01,1.130393901972368109e+00
7.193276866814374282e-01,3.532755393416620038e-01,2.124504879063584747e-02
-2.121657674104346913e+00,-2.214286697645229562e+00,1.564825722971822319e+00
-8.258597437815613507e-01,-2.442698509543018981e-01,3.562322903166105226e-01
-9.191622028320260984e-01,5.087350647963707617e-01,5.037405565979689026e-01
-8.638112596982143732e-01,4.021872817102414288e-01,1.098974756754124371e+00
1.036769283313529133e+00,4.844865642963352426e-01,1.381801800257245472e-01
-1.305173928906527170e+00,3.592334810435300341e-01,-9.706780644964143612e-01
1.232392415720163781e+00,-4.046280249507431814e-01,1.201144293907026261e+00
-2.267776859836499348e+00,2.525313900582898619e+00,-9.798878314767744957e-01
-3.778760293410436399e-01,-1.414724627637247434e-01,3.064128975325083881e-01
-2.085797365443016471e-01,-1.494414794647750400e+00,-8.259621486694019854e-01
2.596899930232715592e-01,-6.908817961387335727e-01,4.036546690185363606e-01
7.184272205324991889e-01,2.616083195273480877e-01,9.256045621695190018e-02
-1.352399844654781136e+00,-3.969469122892558821e-01,7.758473763199220663e-01
6.858475170092847018e-01,1.029029416480686451e-02,1.347835831836779186e-01
-2.010724788469663848e-01,1.604521379005052067e-02,-1.053848466643206999e-02
4.651582901065405284e-01,3.361417689680433196e-01,-1.097230896583689663e+00
7.526852034893778409e-01,4.919748250673836032e-01,2.385802611111337013e-01
3.224780155820134442e-01,2.740094992392678730e-01,1.766326268877334849e-01
6.088874021146319926e-01,4.764960170023880837e-01,-4.203427189416202303e-01
4.153412229880283912e-01,8.239920137939305000e-01,-7.391615325198654107e-02
3.084560770258615303e-01,-4.854961828874927443e-01,8.333208407324738110e-01
-7.417572996774410843e-01,-1.722046366477328005e+00,1.284774616979441175e+00
9.390904555248967833e-01,1.462353866347122777e-01,4.937313570024046694e-01
-3.943236075417762970e-02,-3.874820309290137321e-01,-2.376346053037318440e-01
4.071168335773358571e-01,-2.122583998765535662e-01,-1.819523540756007862e-01
5.196217527370624589e-01,-7.090032257716424868e-02,4.767884750554428064e-01
9.716953673620913889e-01,-8.761252777062122910e-01,1.128874181954307998e-01
-1.313807194748340679e-01,-1.790262228897478158e-01,2.390087960416948862e-02
-3.995697221380019037e-01,2.368838732360771360e+00,-1.981554333546469371e+00
-1.027282342882503974e+00,2.364751757969350832e-01,1.370016017504465666e-01
-8.703741298151943528e-01,1.021333493599878350e+00,8.545913285618790267e-01
6.317862560433611385e-01,2.027952929408284866e-01,3.406741289771904602e-01
2.091393327267954683e-01,4.720212245607778301e-01,7.746069952268551662e-01
7.966376062376199219e-01,1.112506040122696743e-01,1.683058520814245326e-02
-5.296251633994805141e-01,-4.437770898311605983e-01,5.560039689412721309e-01
-1.486424236386318043e+00,-1.507716809783380851e+00,4.957236457201100066e+00
5.424850483668854917e-01,-3.915554077355045681e-01,-1.257895669633444014e+00
-6.426959975760621058e-01,-8.299546494826454124e-01,-4.246462503663324117e-01
3.337336871358830837e-01,2.094195529705971115e+00,5.773291529160234914e-01
-5.653736185399852454e-01,-1.241976052651775797e+00,-1.204438878711342253e+00
1.782939725144605525e-01,-4.227877581652222383e-01,1.577471861101527872e-01
3.344205885753939178e-01,-2.008577087050202048e-01,-5.692886059157398204e-01
7.030442719665784823e-01,3.449520626820896108e-01,-3.335801513379944017e-01
3.460874147857346261e-01,-7.423389154339682383e-01,9.145490369622409632e-02
7.243210951523482155e-01,-2.326222307343318169e-02,-1.593376498023690857e-01
-5.820682335092927095e-01,-7.037894776867624769e-01,-1.308105331116306558e-01
-1.540576933923511582e+00,-1.214172227455997261e-01,-1.184041551101254752e+00
2.346915508121584226e-01,1.116946407449483480e+00,-1.644780090717341270e-01
-7.580122657484827942e-01,-2.117213235588031761e+00,-1.779732676304962791e+00
5.075821282702829285e-01,-4.362757990522685425e-01,-1.478373947869072828e-02
2.062683254718216119e-01,6.139282178030147641e-01,5.371803309869767062e-01
3.476467677842980941e-01,6.456799835004699284e-02,3.536196133540814857e-01
-8.866678162372370053e-01,1.585530975659638742e+00,4.274792925690109602e-01
8.374185412920642779e-01,1.289412573311368382e+00,2.318749488924495283e-01
-7.541528718158123645e-01,-1.578100675732009295e+00,-9.469633014583684893e-01
-2.506994970760194619e-01,-1.250650170545750006e+00,-7.217460306278819515e-02
5.013656244335713136e-03,-1.908535784284821624e-01,-7.744709486949638011e-01
4.026749810533057639e-02,1.692483474870728255e+00,-1.828583075573895489e-01
5.732300033008752571e-01,-7.028903900803767923e-02,-1.121052505267441241e-01
1.093002954175063657e+00,-4.570782690322972019e-01,8.462530614508028126e-01
4.999232622694999573e-01,8.758524908341612791e-01,-2.425282743622450832e-01
6.819463112584264186e-01,2.772616198865093806e-01,1.150500500383976055e-01
9.937730174627044111e-01,8.075278374801577730e-01,-5.052603793334665694e-01
5.474658171687237784e-01,-8.896365736566670679e-02,2.504274397342612923e-01
-2.642017700336448449e+00,-1.398198013818689744e-01,1.616332205827251789e+00
4.606690844697461373e-01,-3.253047798259270373e-01,5.677796615743582187e-01
7.981196918370419002e-01,-4.176679046164794712e-02,6.281719348640496525e-01
-6.440598522796871228e-02,2.927877124585130719e+00,-1.197151122942676560e+00
8.467345618516268491e-02,-1.114777618703024054e+00,-2.764967485009531600e+00
7.517887733986762244e-01,1.069125687979272099e-01,6.988311074559193370e-02
4.542051173702930655e-01,2.746637333254423052e-01,-2.324234789545526203e-02
4.373939269798434171e-01,-1.426360954295946004e-01,1.541221636793208838e-01
3.906791218640090491e-01,-3.300356297515655291e-01,7.966352157573474146e-01
6.301395572370104281e-01,7.743435853736392316e-01,4.631758781088026744e-01
5.707006901709936741e-01,-3.240056298435574078e-01,7.326704545996715057e-02
-5.822353509820688000e-01,6.506782169192041904e-04,-7.979360901918384208e-01
8.916732942244287585e-01,1.465305787921823144e-01,-2.700895961512758681e-01
5.117850637666415681e-01,1.628935472500872284e-01,-2.355776083130702303e-01
6.031259656305615335e-01,-1.728052020489826909e-02,1.034988316055757140e+00
6.766563998204017105e-01,5.746448729622739560e-01,-6.457596463788398689e-01
5.206034631298562809e-01,-4.894188319892868178e-01,-2.375935377939403903e+00
1.656509123512133419e+00,5.202996848303129696e-01,9.099661468403383302e-02
-2.332670493522497335e+00,1.315222044150424763e+00,2.855629140353243223e+00
2.974968010803060725e-01,-7.250247043075258579e-02,-2.750452760364601179e-01
9.030544622257327125e-01,9.664145611511231193e-01,-8.090319119613091914e-01
-1.815440162185695705e+00,2.757552261798415394e+00,-8.718250793139317167e-01
3.240607758450553266e-01,1.086229959695721448e-01,-3.662656933817726723e-01
5.648310017732107585e-02,1.870030300281497471e-01,-6.255513386598812176e-01
3.657376936123356015e-01,-9.795312491024306123e-01,-1.048918779638093185e-01
8.612181550069383240e-01,1.475101820645602357e-01,-1.316336142526066712e-02
6.802741918720498493e-01,6.453282739401841051e-01,-3.585227816516350363e-01
-2.271007685743773763e+00,-3.613346060241883428e+00,-7.071088714620644977e-02
-3.379364802319968497e+00,-1.701479601162349864e+00,2.706967467683701223e+00
-7.000047793435885124e-01,-2.072523944956618513e-01,-3.019327335263000123e-01
2.884453312090172750e-01,7.473539694685450430e-01,-2.471534405740938856e-01
7.500872289042624930e-01,3.778068497737014364e-01,-1.185177161030203513e-01
1.262666436448801610e-01,-2.925345563600659782e-01,-1.404871060632679525e+00
6.540126364674855308e-01,-9.562324491178897379e-02,-1.203325367597280593e+00
-2.131534110584761610e+00,-8.251500769443135264e-01,2.545611005327342302e-01
9.218529925208992504e-01,1.023008903231243050e+00,8.444842286862348502e-01
-6.836775220383890517e-01,-1.349878796463051867e+00,1.185830407422155952e-02
6.815117697480954639e-01,2.719476126366059954e-01,2.506667624744541856e-01
6.442001381296033058e-01,3.391050617860260075e-01,-5.632922305759088116e-02
-5.278537932743341266e-01,4.468599637220734277e-01,3.690091594707486933e-01
3.646032416593029679e-01,-7.279563712204216719e-01,1.163842264658792175e-01
5.166053537151694686e-01,4.294857613500250443e-02,2.700455390135073075e-01
-4.570939156029680817e-01,-1.095435764300410231e+00,-1.089841794761154947e+00
1.077484811811032950e+00,1.016141216007298897e+00,1.653307281337499379e+00
1.069447318681064019e+00,3.183045631780355156e-01,6.634200116406934189e-01
9.266874014252607372e-01,4.109002111348475372e-01,4.425308944267243860e-01
5.907470612944022426e-01,2.733255147185856271e-01,1.990742493967041782e-01
1.687079285501499104e+00,4.855083748059115661e-02,-1.613631392416984500e+00
3.722511798561700669e-01,1.027168213250780199e-01,-1.709669930095705670e+00
6.334848238650148122e-01,-3.573148457791786581e-01,-6.429667889759455024e-02
2.234488721396608868e-01,1.447449593120737621e+00,1.426013407690514545e-01
5.578112081421054969e-01,-4.934446752742817077e-01,1.581994613220973067e-01
-1.323356888946179755e+00,7.526659835486804173e-01,9.981442249679188805e-01
6.579874645860391003e-02,2.847187895342182529e-01,-2.010319228168983563e-01
-2.486597829326193110e-01,-1.277838796348894412e+00,9.717811584736647801e-02
2.299222417622908410e-01,-4.460856597491541509e-01,1.422661964576341642e+00
-3.710584241969366204e+00,2.146761419845236496e+00,-2.309438737255730789e+00
4.506051710322817733e-02,-3.929117544731842160e-01,-1.171864745356100412e+00
-1.068948482876568962e+00,2.067946833093103620e-01,9.935868695268237905e-02
5.036971851923676136e-01,8.989312563874084505e-01,-7.712662798042010381e-01
4.155355626710505734e-01,5.853671840307598240e-01,7.002606371232353855e-01
-5.735307009733024985e-01,-1.398072077720149853e+00,-1.684226629520549690e+00
6.402213597794403910e-01,-9.292481784031139669e-02,-3.231275026674473305e-01
5.217773806830281469e-01,-4.837596204713364156e-01,-6.136043185277456624e-02
5.187239416536947312e-01,2.780690669198550465e-03,1.075800602457157362e+00
4.428410658994010873e-01,-3.873808758891230108e-01,-5.222576588080621862e-01
-1.244751455171615312e-01,1.073516565359409425e+00,-8.050341830910415775e-01
1.315966591937159702e+00,6.614317192565959402e-01,-6.087172940420021439e-01
7.362594091398468876e-01,6.435418276806583737e-01,1.784327666330215889e+00
1.141107767099920789e+00,9.170820525694963754e-01,4.415151156239540686e-01
-5.466987383913844978e-01,1.863473290509585656e+00,-1.060374812052251814e+00
5.845643103278500563e-01,2.351096410083967914e-01,-6.615435905329527522e-01
9.506880188340727234e-01,4.915047535153723585e-02,3.590012458502139236e-01
5.760399811187920660e-01,1.549355097076168808e-01,1.392636230501657080e-01
4.868436439366436441e-01,-6.338655267286966710e-01,6.817675487874011453e-02
-9.868087532410141360e-02,2.128216313273879057e-01,-7.792879469927341818e-01
2.372911758332969523e-01,-2.440023012054149676e-01,6.993711840311590544e-01
7.112222320829161282e-01,5.716767966340094986e-01,9.784181525116222300e-01
1.665925154270211372e+00,5.348726333738803573e-01,-5.883581078075635906e-01
4.017419967936748382e-01,-1.465520717453659971e-01,-3.316863507926275934e-01
-1.872850927150539579e+00,-1.660350837833204085e-01,1.246030893878196322e+00
6.566459436912411851e-01,3.292209519796405748e-01,-2.369150641620114128e-01
4.459182466842909198e-01,-4.990769435884461203e-01,4.283922626793302824e-01
-9.355139450336341644e-02,1.320642127295470702e+00,-2.524999843399381994e-01
-2.384357852706752823e+00,-1.632697833308539848e-01,1.892533251414543760e-01
-1.628036798393280415e+00,6.730801429275486969e-01,2.111907037697946077e+00
-1.546319283530341870e-01,-8.117546562382008807e-03,1.957801132243851994e+00
7.408454420780039018e-02,5.525446549760056891e-01,2.723146814425272400e-01
-4.488115002356375949e-01,6.993316882350950614e-01,1.097061587323364673e+00
6.543989822301307102e-01,9.517281068463923077e-02,4.294225105581617741e-01
-8.106324667450721944e-02,-1.511153340470432482e+00,-6.305603419149590216e-01
-2.661091061422762305e+00,-8.760949775968435160e-01,1.017293912758577168e+00
-3.577614982072891414e-01,5.841407001356039297e-01,-2.246867703406685846e-01
1.502007808399390854e+00,-6.135331741104514958e-01,-5.774647015084226342e-02
7.811941011004739366e-01,1.768385468704664065e-01,8.633929610744011107e-01
9.198030989894687148e-02,3.073561955047061645e-01,-9.103838728772123412e-01
-8.866896548127111144e-01,-4.906765977771735399e-01,-2.093674913231820423e+00
8.546059753783371571e-01,-2.809990840902185649e-01,1.140980630702309151e+00
-9.370627621976324040e-01,2.343630908902151422e+00,-1.962400908530191612e-01
-3.058611432335746727e+00,-7.420135784190055039e-01,1.252690954696123793e+00
6.540188175757647437e-01,8.443463495965122245e-01,-3.525268089049322651e-01
5.182343787941716684e-01,2.253574165697641352e+00,-2.441028099011618990e-01
-9.600493846679175602e-01,1.327241334214591673e-01,1.231161491166582467e+00
-2.100622976569638256e-01,3.601690447308168452e-01,-1.268963515409766984e-01
-1.475387796943742336e-01,1.115256601590537189e+00,-1.012459793782775952e+00
5.225855444078626455e-01,-2.066633084431585221e+00,-4.008375825515507529e+00
7.624861035996564063e-01,-1.682832040375377425e-01,-1.534514080917289414e-01
9.583870999518390166e-01,6.458959130103959501e-01,-1.417382395707226517e-01
-1.048432125684480409e+00,-5.108013129119319817e-01,1.164546547168298529e+00
-1.058682484155269998e+00,-1.186568083803092089e+00,-8.742711339861870545e-01
1.578944210584805330e-01,2.733717031067021686e-01,-2.917600744605580373e-02
-8.701216045101214935e-02,1.415850973432877524e-01,1.003861024994550988e+00
8.035215817145096029e-01,1.030442107340921037e-01,2.875342700667512519e-01
-5.464736696939255234e-01,7.759737678694804686e-01,-2.406406731986969472e-01
-1.831609274532868537e-01,-1.336492079528544652e+00,-3.794909015865748358e-01
9.038126541513065160e-01,4.627787790483187114e-02,4.783027851284821219e-02
2.525599473979281973e-01,-1.047895730862598462e+00,1.244404231562490637e-01
6.144349394290740118e-01,4.824275396408365668e-01,1.459914366356415694e-01
4.005660836010231929e-01,1.541613860509277456e-01,1.378836059287626703e-01
1.239306273604004804e+00,2.329477232633361705e+00,1.250143440907339532e+00
1.938215240842328324e+00,-1.098899711872144136e-01,1.251900360080943964e+00
-2.972523147938783250e+00,6.493416499157581789e+00,-1.205933594546279020e+00
-1.045938863417621878e+00,-1.311676475896642380e+00,-4.329845618289118736e-01
2.168849607710825189e-01,-5.496993754237220788e-03,2.670718462632839518e-01
-6.331875083085013456e-01,1.012044749641825447e+00,-7.532184431526737223e-01
1.083913484467030397e+00,-5.934243486594050626e-02,-1.067363988060830104e+00
5.951013191459405549e-01,-6.579068672206195290e-01,-6.636919217970271845e-01
-1.416236272197305190e+00,-1.858139434010188884e+00,-8.638300954862508652e-02
3.457270616367371652e-01,3.284370848082525662e-01,-2.189594388080053355e-01
2.720009891959551673e-01,2.414901823183328300e-01,-1.983528765933870730e-01
8.666468851638572390e-01,3.592770608117217268e-01,-2.144120725778796144e-02
-4.045638102913997058e-01,-1.766796171137772209e+00,-9.467232289673408463e-01
-1.112037947668809368e+00,9.405065237088718888e-01,-1.821451264631905875e+00
2.960544038025325064e-01,5.808429020137119148e-01,7.490156616332591666e-01
6.389426372642246221e-01,1.737166070542276175e-01,-1.539270411500517632e-01
-1.240102837846752237e+00,-1.142956443673149192e+00,9.192832737387712783e-01
7.170151488841193244e-01,3.870194752205894928e-01,4.724431695100425599e-01
-2.883792097280899913e+00,2.756440413958978208e+00,9.086810911080273057e-01
1.945998657374571339e-01,1.102116796630814438e-01,-9.268040039345812886e-01
1.411490911214084987e+00,1.051166964064691317e-01,-3.097321941185223748e-01
-1.404295433838477769e-01,-2.145817103400497472e-01,7.306691180489868209e-01
2.351669563301121424e-01,3.610328844342561849e-01,-6.569078325787166550e-01
5.184435044004314097e-01,-2.183689441938399256e-01,5.822183171524233369e-01
6.901572011401959639e-01,-1.319424906282079257e-01,4.701959556349792346e-01
7.546152435013241400e-01,-3.671591007722477262e-01,9.855179825986662423e-02
5.153385321409766906e-01,-4.155796577502385292e-01,3.908487416517561486e-01
5.568465830114019965e-01,-3.547357962940945186e-01,-1.136581972096879917e-01
7.961082506235630518e-01,4.195801933261584793e-01,-6.942371239006804584e-02
1.023347819637209888e+00,-6.663683418567901973e-02,6.537846079596507654e-01
4.477657556469430422e-01,4.881411326997900368e-01,1.833639842830434019e-01
9.227130747738249150e-02,2.948390671895430026e-01,3.464495771957361581e-01
7.043475927938716019e-01,-1.245314886263079873e-01,-2.087392639461951305e-01
7.068131403624283715e-01,-1.449212497661909183e-01,6.971514052474038214e-01
-5.129627053049668622e-02,-3.974804579790666703e-01,-5.635687739827605069e-01
5.723153929969131415e-01,-9.282390208466752002e-01,1.146229786840141651e+00
6.882671112582711137e-01,-3.751406277421146518e-01,-2.134589390562536826e-01
-1.367915124758033674e+00,1.863919716337288923e+00,-9.334425856394938936e-01
1.121321346930888918e+00,-2.318537301638330106e-01,-8.768686053073917464e-01
4.838355173587025604e-01,-5.758714053531154287e-01,3.398064253375019383e-01
-4.224212558778524418e+00,-2.053063524510981841e-01,3.550049139944912113e+00
-8.692413576718628354e-01,-9.825494170328326060e-01,6.428799504751205873e-01
4.820827041107976219e-01,-2.761336256228826835e-01,1.260276883160281747e-01
-3.955349107915790974e-01,8.876581014064007791e-01,1.278072818334663463e-01
-5.492152330081214728e-01,-4.558599560300705122e-01,-6.427529842978817465e-01
3.227041684153115764e-01,-4.805151188045507227e-01,1.051217165104374018e+00
3.211209418331438803e-01,5.159618774909945360e-01,1.038335900009730306e-01
6.147282207105960739e-01,-5.638141314994959963e-02,-5.255708939443759498e-02
8.438977653570826076e-01,9.574133654239322944e-01,2.789843138315394044e-02
-1.730328628953765158e+00,-2.424741057626247365e-01,-1.966021608609895166e+00
5.389025125043481745e-01,1.725461948778676535e-01,-9.250008073444429546e-02
1.695630770438078805e-01,-1.986514283100797029e-01,-4.433304856221081947e-01
1.068235447303647889e-01,-1.372262164782262817e+00,9.048456166990954674e-01
-1.150161962111970304e+00,1.504644522888582747e+00,1.696276303412714404e+00
7.230722789038468434e-01,1.797875471102464984e-01,-5.225639535382185438e-03
-2.735662077179060958e+00,2.466231989238183153e-01,1.114633295052507744e+00
-4.691431099313179698e-01,7.046983674741951198e-01,-6.380689588485116692e-02
6.880310597066683354e-01,2.196769264819141976e-01,4.056835394802181249e-01
6.788814509430288746e-01,-3.176433702055523473e-02,-4.906299976005364938e-01
4.797973477054751634e-01,1.057468918502737498e+00,-4.802586630330341055e-01
7.773271118052947903e-01,6.871231544342738806e-02,1.169576224485739530e-01
4.875531179597513143e-01,1.771194439576382340e-01,3.981797215038085369e-02
-4.984756984158202342e-01,-2.736961318953957445e+00,-3.513063731083949093e-01
1.294875262665390769e+00,-2.277678243837620298e-01,3.240905706457274937e-01
7.358801462091713042e-01,7.962404072195622406e-02,1.023594251895786345e+00
5.018047044376543475e-01,-2.200641146569657369e+00,-2.330345766409560593e+00
-1.013279348085845077e+00,-6.052873982976851863e-01,1.143793404793002955e+00
-3.662579781591713823e-01,1.411510243146947063e+00,-1.449568825689112606e+00
-1.368369149184042177e+00,-3.606408610546306681e-01,-9.675138341427304001e-01
-1.723358044586313365e-01,9.628889150438840749e-01,-2.947563018396084922e-01
5.503592084032523646e-01,4.726262581919113415e-01,1.259181270055745186e-03
-1.616438377737487553e+00,-2.949738128888391042e+00,-1.143452378100269895e+00
-4.399527574410258546e-01,6.419094769491017205e-01,-3.963318739237565724e-01
1.097055868058128825e+00,-1.221641707187090531e-01,-1.780038291876817169e+00
3.250909241914197723e-01,1.859977613370238647e-01,-1.858962755241133913e-01
2.529996448950238008e-01,-3.315754933896464807e-01,2.564426815827943518e+00
1.159814987270739506e+00,-2.417926041067799403e-01,2.133891387979946208e-01
6.744728267851738401e-01,-8.717781098814443297e-01,8.846676651345091180e-01
-2.514339848005099354e-01,2.959730719830463430e-01,1.168680417029656748e+00
-2.057391361931688867e-01,-1.018180720737204004e+00,-5.226439191799370221e-01
2.933833125783572582e-01,2.036995048410758791e-01,-1.049275860322689491e+00
5.875475822390411329e-01,2.824395625922957453e-01,2.585901450665110679e-01
-7.805929667243927117e-01,-6.116059679906398205e-01,-1.446497242972368813e-01
7.855710823658413888e-01,5.736881232224735339e-01,4.255780753704735409e-01
8.321030016089097092e-01,1.032452744473422723e-01,1.908339069479763617e-01
-2.045071887207077221e+00,-2.498458451706994321e+00,2.884471232871591351e+00
7.382765811632591157e-01,2.237617711015124911e-01,6.863465101748239539e-02
-1.258549318008780116e+00,1.190926940552595958e+00,9.484775906108332544e-01
2.955463628981232493e-01,-1.066645857293756938e+00,2.949183235090535038e-01
-8.314163514573556790e-02,4.527476573534878201e-01,1.273523810223481600e+00
2.116043048222726042e-01,1.472618174233477906e-01,-1.943473387729555801e+00
-1.101441130688468828e+00,-1.795307956490971746e+00,2.894783570900923308e+00
5.955866468620975018e-01,3.400387689962081628e-01,2.292746039286711612e-01
6.946357863538562549e-01,5.024786632949358456e-01,-5.007593325567746140e-02
2.764150087361338937e-02,-1.848912840293389648e-01,8.538140392846861326e-01
3.672162400557473783e-01,-6.790860565293147522e-01,9.337830393985735444e-01
-1.923319275049458765e-01,7.229124167875348173e-01,-1.310922600973857044e+00
3.271382699248914783e-01,5.458579856541168063e-01,-6.688867076179173810e-02
6.462872903879594011e-01,7.121861060528222875e-02,3.498023843407512268e-01
7.453789861487403190e-01,1.146334500301845694e+00,3.163112992318005134e-01
-8.287676598308970632e-01,2.595023465159254084e+00,-1.412515785363269050e+00
1.689568066363791310e-01,-4.281952270187154297e-01,-1.095203763880485681e+00
-1.373058878609439537e+00,1.124707450516613916e+00,-1.231786889261414997e+00
9.042097994705962094e-01,3.427336743661343887e-01,4.309697943824239430e-01
6.780032667811525249e-01,-9.505307569734285089e-02,1.620676787325605883e-01
6.060229950142421718e-01,7.481965224342193577e-02,6.575795893984676121e-01
-7.152021905952948844e-01,-5.698725766107775037e-01,1.456086636660085309e+00
-3.702120633262044880e-01,3.010146914105582897e-02,1.319385120253986132e+00
6.933019270069348261e-01,1.399232252940910692e-01,1.011054668940768453e-01
8.679719620354815479e-01,-4.663149638802675523e-01,-1.286172271760913199e+00
-3.732846114139975469e-01,-1.224671660014990116e-01,4.873225724236393552e-01
5.097484347218338430e-01,-3.171206665393352941e-01,-4.749679253302285242e-01
-1.027031992952985195e+00,1.253162657157549820e+00,4.132882964975341245e-01
3.702552676364815887e-01,-4.765910328915394512e-02,1.322460935707099050e-01
-8.247283524794628562e-01,-1.552552907242309210e+00,-7.609294253231287941e-01
3.968453310252454402e-01,5.308393987947206405e-01,-1.826574475161937272e+00
-1.765192371899367396e+00,-1.547112603522224017e+00,2.190161122468193167e+00
-1.772963530249267672e+00,-1.863379329231472648e+00,3.727493271870851999e-01
-3.210248378230715072e-02,7.586134854922409465e-01,-2.960514915543295267e-01
9.754426971333193253e-01,2.988365552897731536e-01,-1.495156784108012983e-03
6.494930267271237234e-01,3.073932823708844797e-01,1.001058172268106394e-01
5.375526521450426642e-01,4.546876943037863050e-01,1.387158752917941051e-01
9.553973084965128315e-01,1.237478549014016105e+00,1.085041969605662571e+00
3.277257704688902873e-01,-8.823808023501136244e-01,1.133362453282569099e-01
6.955028233321322029e-01,-2.796788869547722212e-01,9.060536747388151513e-01
5.339725668123845859e-01,-6.668169536061041569e-01,-4.080279798992220708e-01
8.378454765404516058e-01,-1.409430209716027449e-01,5.880477833026109824e-01
8.017658349693842501e-01,-1.165480507213024097e+00,6.152566709047355697e-01
-2.313584622329985852e+00,4.447674297068076044e+00,5.756085544830536804e+00
7.872685279132655145e-01,2.114758217225417292e-01,2.134669690331305325e-01
7.315275187862320116e-01,1.841321933861426452e-01,3.176155322398754310e-01
2.394909730637678480e-01,-7.864720087590922892e-01,-5.867225033979357462e-01
-3.356279515535965929e-01,-5.347540410348380346e-01,-1.279258874265162271e+00
8.140740541052258195e-01,6.090755999194162884e-01,3.722705349532163255e-01
-1.371737008765338273e-01,1.575609108024541016e-01,3.463742983650762164e-01
-1.281173908783033388e+00,-6.112674995134425027e-01,1.996940428956871072e+00
-2.950066067234838885e-01,-5.013627564597803454e-01,-1.061206888083898958e+00
8.785411019876327998e-01,4.201266691192645508e-02,2.379487435350451097e-01
-1.967456808829513459e+00,2.018289035264095421e+00,-6.290602923561041671e-01
-1.136455953617268241e-03,1.043783477877157972e+00,-1.308881387251824346e+00
-1.872369976784530599e-01,-1.648364656528142236e+00,-7.262905030661087613e-01
6.916938778460963722e-01,-1.375266012187975895e-01,3.853992078671655830e-01
-5.497077204356652924e-01,-9.079647162526798265e-01,2.119731090187837008e+00
-1.609264174487639920e+00,-1.356345878137880545e+00,-5.653463674061720567e-01
8.983039362338887668e-02,-5.714524610479166933e-01,3.634818429143702456e-01
5.390053260384558564e-02,-4.536630526525453622e-01,-7.549322029065365092e-01
8.977112866979876094e-01,5.623928246872290648e-01,-1.269010221943589201e-01
-1.731014485184008356e+00,-1.296203882175880340e+00,1.545545740981923544e+00
5.909353788269685603e-01,-3.396386130409700388e-01,-3.963741194905764237e-02
6.485556284072664379e-01,-4.640871882076247346e-01,2.684863258979641731e+00
6.596643110521911435e-01,2.080261738563121909e+00,3.063328908931218370e-02
-8.154073575317798139e-02,-1.438675640932632005e+00,-1.498967218277730051e+00
5.330361437601085495e-01,-2.636170727926758772e-01,5.955007811304676574e-02
5.906101005824750949e-01,3.695413012043839013e-02,1.227541308328323977e+00
-2.370605054091828034e-01,-2.171509405322748221e-01,9.544744819770425437e-01
5.081102218775843671e-01,3.772554244609125917e-01,-6.238026091685057450e-02
-9.349466715311006704e-01,-1.486213138400763745e+00,1.766751339644957897e+00
-2.091636016732288716e+00,7.562111001488974749e-01,9.295193550962967954e-01
-3.257665232193189819e-01,-9.285000788687924889e-01,5.506035940695658271e-01
-4.184873932110583783e-01,1.534045963867034235e-01,1.939812281748751310e+00
-9.278753485700540482e-01,-1.174048145291936907e+00,-7.568061084427274432e-01
5.748163088390036979e-01,-2.143661648997859381e-01,5.999403487780227140e-01
4.771303180522427079e-01,-4.387174301675441090e-01,-8.581878471442471179e-01
-2.059904627518347464e+00,9.980623310684820781e-01,1.369813854170284451e+00
-7.166331563056052012e-01,-3.661483951882928412e-01,2.405751989945254243e-01
7.369865959388273158e-01,3.564353772336550930e-01,-1.272731042060712081e+00
-9.808243722902304507e-01,1.490529042744778598e+00,1.086888065471673936e+00
-7.424593207220823998e-02,3.779538970320144853e-01,3.558437362980708119e-01
-1.545660995971512852e+00,-3.492665939400167119e+00,-1.323098384423217366e+00
1.316717263781700398e+00,4.502400020724024454e-01,4.291215990507452616e-01
-2.276733380870385570e+00,4.502747983516177527e-02,-1.372277647270587986e+00
-1.841245138707405360e+00,1.222900522388539635e+00,-1.703355366851207364e+00
-3.062213211066729945e-01,2.894430344553581058e+00,7.385019836953903294e-01
7.325931842874885414e-01,2.105867292718277273e-01,-8.045241324848108055e-01
-8.563547568124341147e-01,9.715633388154978345e-01,1.028943612066431784e-01
-6.886363841909326489e-01,-1.875243672662145755e+00,-1.013224008310856350e+00
7.290064690854045626e-01,-1.213211700568607443e-01,3.109629253923914538e-01
6.755776304638444474e-02,1.019004752036814093e-01,3.756182639859716454e-01
4.749422636190347435e-01,-6.700485092089932815e-01,-6.236611254246389180e-01
5.430892990923618102e-01,-3.368788343960658072e-01,3.479482997344263695e-01
-5.008675446513852214e-02,-1.639205260707517764e-01,-3.266919665828230124e-01
1.415519515626245395e-01,1.078843283740156034e+00,-9.274861323273972946e-01
6.773020253673982527e-01,1.562986688114269829e-01,-4.683094291518281188e-02
-6.714599743298904633e-01,-3.097416232733929964e-01,9.362808414319083727e-01
8.705967752832587392e-01,2.563476767662316580e-01,2.509034819086474744e-01
1.467852608373977907e-01,7.881432762536357689e-03,3.230425883990121760e-01
3.870073892686854977e-01,1.857819935755144758e-01,-2.551692351451138596e-01
7.794400606619170113e-02,2.158513189364776319e-01,-3.384780751038702351e-01
4.544036174083466162e-01,-7.263078745473117159e-01,9.129854703525598358e-01
-1.784430425951338828e+00,-3.964594805093457075e-01,6.558944849236943153e-02
8.251190142305131481e-01,8.457372529670483807e-01,1.662806289424602624e-01
-6.698585415868736348e-01,3.642230645487366802e-02,-8.794492084196572357e-01
2.354434349563768958e+00,-3.945757111992793664e+00,2.080458267013646445e+00
7.574704935111038762e-02,-9.014547845348993560e-01,-1.157364530989391183e+00
6.221884146405238791e-01,-2.611064933686411613e-02,2.558733645589782446e-01
2.906209907460079456e-01,3.583318549806300268e-01,1.482842212361553891e+00
6.652052946982035531e-01,3.350987781342141258e-01,-1.228444764416184581e-01
-5.241115971813752328e-01,-1.596947493502756776e+00,7.883021087921898706e-01
8.019374115255115676e-01,-4.125800593209329875e-02,-6.057738186961839078e-02
-8.096783095674248143e-01,6.589349959744948970e-01,1.377860886318766909e+00
9.879253152849849506e-01,6.594683879691251582e-02,3.041436281868249436e-01
-1.660873181304216017e-01,-8.747007478615888010e-01,-4.590242478184971414e-02
-1.342832628066940703e+00,-5.582105473613810931e-01,6.321473343011164703e-01
2.546900066522475581e-01,-9.214189317076156849e-01,4.335666449246860510e-01
6.117957596080275673e-01,-4.556663845295167055e-03,1.325114289516252375e-01
7.243327270830071107e-01,2.028708598923094630e-01,1.097017909587345436e-01
1.105862618378393725e+00,-6.473918132686784510e-01,4.307424880744995521e-01
4.020930121622187658e-01,7.629878465630789419e-01,9.645413881334967063e-03
5.711680210240633881e-01,-7.654489977516115359e-03,-2.625136372953504327e-02
-6.664343499115615854e-02,-2.103326760728091216e+00,-2.005995838794060848e+00
-2.294847694288709050e+00,4.829822171989799351e+00,-1.465731534848051743e+00
-3.558577413428816616e+00,-7.642793467103293770e-01,9.943435292197878583e-01
6.130850507511795833e-01,1.003626431864763635e-01,-2.521463586167914661e-01
1.206993550873878274e-01,-2.900684815798289518e-01,-2.323862628438195521e-01
6.613629054357613724e-01,4.275967413088415520e-02,1.755390441652519562e-01
3.665032381444612852e-01,1.938675887219240834e-01,2.483042324089196895e-01
-5.116382621045774404e-02,-6.076725929718282959e-01,-4.239023536217533250e-01
4.080735108799632971e-01,1.821903854478061635e-01,5.189983024633176845e-01
-4.427370906736387002e-01,-3.476195746840556322e-01,-2.523406559109282465e+00
6.940441411305382502e-01,-2.030291755456526404e-01,9.915312208683177975e-01
1.546139778456676606e-01,6.864237412103393887e-02,2.801542415054990021e-01
-1.872056296097655559e-01,-4.653489365741421135e-01,-7.868969334039527253e-01
2.844428311660232578e-01,-1.615644071725478859e-01,-4.311257256396644477e-01
7.756655734130023239e-02,4.895750033225880204e-01,-7.962664505635391743e-02
6.749438723210736679e-01,-3.145919797608207839e-03,4.513982552154143790e-01
3.223796831387989448e-01,2.941304312486204275e-01,-1.248170281353205291e-01
6.114398419636578597e-01,-1.225413800436316591e-01,-7.927140002793899021e-02
4.492044315776230201e-01,1.646531812677749784e-01,2.208183461342074494e-01
-1.737837928391298359e+00,-1.305422975238217376e+00,1.383500394801088662e+00
6.546554348261526268e-01,5.875015600735017385e-02,2.686601322650165602e-01
6.642861793103405077e-01,3.331039012317966730e-01,5.083700006404345828e-01
2.228647693773556926e-01,2.942211138738978438e+00,1.052464883780129590e+00
-2.981859099617047537e+00,-2.451951824730409790e-01,-1.020470790843440501e+00
-3.166443570715904987e-01,-1.729753601769470350e-01,-1.487871773680478349e-01
1.094871025501141348e+00,-2.106659985341698960e+00,-1.897562910396253910e+00
6.279558436058809701e-01,-3.250561672200837360e-01,1.078148257981774855e-01
9.292420987986991718e-03,4.046476535382511619e-01,4.163920403077523424e-01
6.508597347476888784e-01,8.482004691338514146e-02,1.016547026725953401e-01
1.163303603553190874e-01,-3.047336463239287419e-01,-4.272945247364792198e-01
-3.839037328287054351e-01,-1.816734034602113801e-01,-1.113091613108440958e+00
-1.405007281554853105e+00,5.594024859139288264e-01,3.677409647727113984e-01
7.695766678525877147e-01,-1.061207821537722140e-01,-1.810604713734843552e-01
7.212760175525019246e-01,3.955278200865370852e-01,9.966581494044061129e-01
-1.747957919054411668e+00,1.620483205037128061e+00,-5.904576436317917620e-01
1.267077529456334117e-01,-2.409940468007799180e-02,-2.763318733011813771e-02
1.285663349725674753e-01,-1.028852742164494183e+00,9.704625473243137790e-02
-8.908450319144970431e-01,-1.272927570823263688e+00,-1.574164430986610963e+00
-4.832190980187775486e-01,4.020058819043559883e-01,1.381343831615964746e+00
-4.385153420890945397e-01,-6.678334356646495329e-02,1.558930812123756303e-02
-3.024728430051200345e-02,4.024803455681849051e-01,-9.205619360454425637e-01
9.325381514894243162e-01,-9.728151660482227125e-01,1.175058047475349587e+00
-9.086299597759869284e-01,-8.393307656549195972e-01,6.720064707782454905e-01
2.175032097404531461e-01,-1.088754554213314130e+00,1.205344749963729589e-01
-1.026809717178655657e+00,7.568579783945642570e-01,6.421040883905533292e-01
1.361792434990288125e+00,-2.127163570336128851e-01,1.168379646398365557e+00
-1.116171247619898832e+00,-5.238044391519780518e-01,1.628616581114667339e+00
7.903647486454180582e-01,4.372786475071114426e-02,2.525225678177644983e-01
4.401650610212238246e-01,-1.461423922702989597e-01,1.156282751970144490e-01
5.819973726035296835e-01,-1.517907116694789116e-01,4.054759913339277266e-02
6.380236544037017066e-02,7.147387296200278239e-01,-1.116277400862578373e-01
1.231262645477711332e-01,-2.160277917827194416e-01,2.953349267946752191e-02
4.798235548842271214e-01,5.574162282090453502e-01,-4.082947497535745485e-01
-2.695648482342780095e-01,5.909813434131325760e-01,2.912829177207337805e-01
2.280435495490732711e-01,1.153217080514824938e-01,7.540912513135462902e-02
1.513220722116701278e-01,-3.508674753923523692e-03,8.927523053654501384e-01
-3.091188514992099234e-01,-1.180908388549086396e-03,1.090058185275879055e+00
-4.881823509884694268e+00,2.841122626026692521e-01,2.031272022278038658e-01
-1.255169631604148073e+00,9.079127503015053113e-01,-1.093901657898314284e+00
-4.059068725197645389e-01,-6.817953954425000074e-01,-9.795303619614276203e-01
-1.098275332663405823e+00,-7.829101928652728581e-01,1.295813836771656513e+00
3.437125157958914046e-01,2.311985022968879866e-01,-3.561052849227667738e-01
5.846813143312905581e-01,2.424265544100078495e-01,-2.981122075245088987e-01
-3.173426111083734735e-01,-9.692879586820660753e-01,3.818949447980646728e+00
5.764506727988393253e-01,-1.185329199390346422e-01,-8.802207726340384453e-02
-1.157062637992890108e+00,-3.698032767093885620e-01,-2.931160063180175412e-01
5.542695766621996700e-01,-3.361168692346539477e-01,1.538468008317471769e-01
7.850353349856572516e-01,7.290618843575723540e-01,1.592899153222597508e-01
5.981226268222227249e-01,5.074939241551174041e-01,1.472496056969363254e+00
-1.982249639385258000e+00,-3.493659814583402988e-03,-1.971896702785182809e+00
1.027251820171002805e+00,-1.130827727401706451e+00,-3.348262416277757225e+00
8.313454842435892278e-01,-2.795710611060531758e-01,1.921327665576139793e-03
-2.466985568009599117e+00,-2.812294620044367921e+00,-1.234086637442507239e+00
-7.915578104138961679e-01,-1.455346689848388275e-01,2.270856310143551660e-01
-2.323178794665153202e+00,2.621007499313856126e+00,-2.017629935194273638e-01
7.854781979929410518e-01,7.221959781935136657e-01,3.607865926014249824e-01
-1.192330604923802717e+00,-1.728471632705612215e+00,-1.136227668690904302e+00
6.062237749975677437e-01,-1.248005951590469786e+00,8.795769533943491592e-01
5.708947130572824546e-01,-2.618569638986214532e-01,2.189383270773568757e+00
1.406875014474709085e+00,-3.244711045758019718e-01,5.297186718296126307e-01
-4.050611331443997543e+00,9.036304624611550818e-01,-9.052747096876200272e-01
-2.094152701966355057e+00,8.946335408843364423e-01,-1.045865879153303535e+00
8.847835252748835755e-01,4.713823958484161247e-01,7.797610086383367778e-02
-4.539596360693777810e-01,1.401163442303482998e-01,1.037152499366008396e+00
4.168474330400726013e-01,4.188181502653044452e-01,-7.120540504140252525e-01
6.746032440932215879e-01,-2.310823932673492231e-01,1.631484000434794357e+00
6.606667842614599717e-01,5.762194049930015050e-01,6.378451497796661096e-01
6.907903119266083358e-01,6.016631496919664368e-01,5.404579366121382566e-01
-1.279364326079281744e+00,-1.393941287043052979e+00,-1.036594811749381062e+00
6.181733821685616581e-01,2.643005130834408245e-01,1.095380632108298447e-01
-1.558435918426199329e+00,-2.610511027095979486e+00,-4.146691252529148830e-01
-4.723502100859848229e-01,2.012185958237587169e+00,4.593899623567105350e-01
-9.556545620753065240e-01,1.420626468307541135e+00,1.880614462078023852e+00
-3.883488457972242180e+00,-1.612951204162460073e+00,-1.296834378684311451e-01
1.677617581614880837e-01,-1.578746692895030002e-01,4.294235378966974603e-01
-1.702738100322823689e+00,1.031454930848564322e+00,-2.020361523849800722e+00
6.316995397709307403e-01,1.316249561124644973e-01,8.472595907780172686e-02
3.236528905717784288e-01,1.080275031465893099e+00,1.884979898019097403e-03
1.958579035108800881e-01,-1.692967048311238842e-01,8.161519351215064111e-01
7.129758210981945732e-01,4.178269528524552467e-01,5.118745456812276995e-01
-1.399901935744586545e+00,-5.935378545599928612e-01,-6.542665052267092607e-01
1.788379962838460568e-01,-7.230896733730506065e-02,7.368959433708317797e-02
7.311205549177222096e-01,1.076129011835931681e+00,8.567541944944155885e-01
7.458845289000153034e-02,-7.613062376361774408e-01,9.024103869990955928e-01
1.079492762749550527e+00,7.427525709323029579e-01,1.793092087705092930e-01
1.243747907645214479e+00,-2.822812234359540207e-01,8.945797924460852091e-02
1.616835117141612044e-01,-9.682598970140689210e-02,1.075800326556718423e+00
-2.721328335812388949e-02,-9.167789492128670670e-01,-5.861047829326588854e-01
-1.414483350074887236e+00,1.035779595111953499e+00,1.559556247705186749e+00
-1.677763325880549938e-01,-3.882517401507218913e-01,-5.226382029430857168e-01
5.071125233953549527e-01,2.867199188054203596e-01,-4.375984856768780351e-01
-2.055857581492974262e+00,3.751410203574157554e-01,2.131615493994339250e+00
-2.136965733669935474e+00,5.092564915234760736e-01,1.028307271624269020e-01
3.215439437071341278e-01,3.551169446470189284e-01,-2.074144477657389185e-01
7.320593970627331526e-01,3.734386182397835818e-01,3.505200338987791708e-01
-3.458600886184871048e-01,-8.511185891424484229e-01,-1.164881227067903646e+00
9.021590287475738101e-01,-2.154504018298460111e-02,1.581394184402456354e-02
6.004458946417524645e-01,-2.574386722729476440e-01,-1.181034099447883096e-01
-2.092534380166473973e+00,9.175671609697209075e-01,-2.163721837033828699e+00
1.603525709002073807e+00,1.198390343257382806e-01,1.639303604313374074e-01
4.919766950200445965e-01,-5.297461798222729418e-02,4.347097889121722680e-01
7.150458539660704549e-01,1.608653031597997995e-01,1.310469906336437507e-01
4.554611223562777395e-02,4.317490042527222793e-01,-1.249422635432567485e+00
-1.089883145749855009e+00,2.296137474409502555e-01,8.939258563264699253e-01
6.098543249881974715e-01,-5.313538997075949455e-01,3.215854458849174424e-01
4.659207745298717396e-01,7.500541626821229935e-01,-2.255467081439840177e-02
3.964946322741618734e-01,-3.439607697673068287e-01,-3.686482632628166889e-01
6.555950560800120064e-01,-4.458655713914337973e-03,-4.268362657256948300e-01
-1.188867709509505932e+00,-8.234459060617965037e-03,1.145130628942570006e-01
-2.258552249952489599e-01,-7.639375475138001637e-01,-5.757856252670074948e-01
6.943404077844697042e-01,2.498170168972845273e-01,-6.107357258044852077e-01
7.541504166455780256e-01,3.442264169773738836e-01,2.912481656386821105e-01
8.129201220375971149e-01,-2.284761840796272647e+00,-1.342667579115094600e+00
7.009534123497900282e-01,4.125217536647818872e-01,-3.856694487049986408e-01
3.025820437141349961e-01,-6.923470113221033007e-01,5.614307089815345764e-01
6.961682139427913807e-01,-1.079177423019871629e+00,-2.832257463460484903e+00
7.130963863413272152e-01,5.462198437784731020e-01,6.711791411636647275e-02
7.352747952975647872e-01,2.840405035760759089e-01,1.957491845195583613e-01
6.509093537055918866e-01,9.767720094164517031e-01,-8.087242983963376375e-01
-1.628695528767036826e+00,1.142589326553171247e+00,1.380747264075279368e+00
-1.253989696728336378e+00,-6.213821704739026508e-01,3.286321218205070505e-01
-1.670112456928906530e+00,-7.032010823722063542e-01,-1.274817125514052796e+00
-2.780432533621075564e+00,3.247418433893994205e+00,-1.488236023316944934e+00
5.222131758116757005e-01,1.682219005327829087e-01,-6.024201658392231984e-01
-2.351530309003148633e-01,-9.666999285076788295e-01,-1.669714408091614199e+00
1.212039854815993994e-01,-1.040761545063328519e+00,-3.801405593754528245e-01
5.598762307958643492e-01,4.086863283556539383e-01,-1.613802936282295653e+00
9.254363341793269138e-01,3.879671318573126859e-01,5.941391955666313063e-01
3.101298493614494389e-01,-3.872433929964577137e-01,-5.634471710497503949e-01
5.924673810187812695e-01,-9.813537011225818840e-02,-6.094801204460251892e-02
9.288712175762431356e-01,7.433111402318455241e-01,5.626434177762876798e-01
5.901262290615024719e-01,-9.697317713185962806e-02,4.752925007900008630e-02
-2.391207445381360763e+00,-2.775391389597118952e+00,1.700018234143111373e+00
-9.275371691894720994e-02,-1.427060671113919710e-01,1.158878165218926587e-01
-9.622812942692652305e-01,4.854813354759196509e-01,1.904061036175307697e-01
-3.411064057570781238e-02,-2.327745007372917119e+00,-1.065365807767117756e+00
-1.527461325097564160e+00,3.048824109648848868e-01,-4.947157014531771146e-01
2.380108442435960037e-01,6.535642661526810948e-02,8.569851167984487983e-02
-5.774495433834560265e-02,-1.674474148347915081e+00,-6.344758269947046170e-01
5.413646133737551880e-01,3.335644924083795010e-02,-4.400204784078651926e-02
5.202167156242637480e-01,-5.053045718386620644e-01,8.109360792731514778e-01
-5.130378632686867224e-01,-8.368177895395039201e-01,2.206110742890954879e-01
5.588790141643253939e-01,2.531522341536368570e-01,1.662138463110445774e-01
-1.287173201830779545e+00,-1.160479375564927862e+00,3.219676702333396645e-01
3.044485220939974549e-02,1.116368707305003927e+00,1.353789676868093927e+00
1.241940896748225942e+00,1.372824177183202599e+00,8.126793990428181624e-01
-3.527327040654607559e-01,-1.958520491206266253e-03,-4.986820950882737136e-01
2.394043452500164704e-01,-1.609634088343556979e-01,4.646360325328424690e-01
1.174794173479907888e+00,4.351765600731557493e-01,-2.063237819534393391e-01
4.042420676657107470e-01,1.949268699587692610e-01,-5.251443272688643971e-01
2.706762727265171753e-01,-1.085200079755406444e+00,3.272299147016789478e-01
6.316772422970141632e-01,-1.883891755320734607e-01,-3.534346054412293436e-01
-1.580953241377177354e-01,2.073839580592049092e+00,-1.251443400935037253e+00
-6.075291460750118500e-01,-2.545440014558082442e-01,-1.585600332781606170e+00
-9.211512842142420832e-01,-1.497919042897228659e+00,5.312575589565041723e-01
2.188148614946057169e-01,1.359659912790315006e-01,-3.878647045930954662e-01
-6.319473460186019187e-01,1.162019095198580931e+00,-3.209761860538068445e-01
1.987343159006707827e-01,4.304149729027848537e-01,4.074594877113553726e-01
-1.727655807384078868e+00,-1.724788224683774684e+00,-3.826941341862154511e-01
-8.982537486252866188e-01,-4.186871765172596183e-01,3.883111341717941922e-01
8.056736277434944915e-01,-2.451046236279791624e-01,1.024446837101211871e+00
7.659313096427528000e-01,3.020880928525908615e-01,1.892821148149476662e-01
-2.095119546195724158e+00,-7.032648559304617297e-01,4.480519474651621370e-01
1.144774223132361435e+00,1.302914511913446205e+00,-3.067404238199095134e-01
-7.836718192928647797e-01,-1.269501070613069660e-01,-8.827524089393647966e-01
-3.940000633446194556e-01,-1.467629101993984664e+00,-1.047126327825169900e+00
1.314512438419039420e+00,1.096260810996548818e+00,-9.756566440985198208e-01
6.620462226353052149e-01,4.032226478668763381e-01,3.014568516850203994e-01
-5.067822452055456561e-02,-1.460190178634848568e+00,-5.393714995950235069e-01
-6.195183080910349194e-01,4.313741014787219469e-03,4.298648418291178830e-01
1.217545344071154917e-01,-6.178958744229477995e-01,8.769346159190871681e-01
-2.193628416987381868e+00,-7.526262611223779597e-01,8.999132623377523732e-01
4.355619128233312320e-01,5.644418402475501750e-01,-3.779114209899364085e-01
-7.756438611078331213e-01,1.721639791610997561e+00,1.948992801350809323e+00
-1.426440098075467899e+00,-3.968153784833212128e-01,-7.647055623307290606e-01
6.481221003191275365e-01,1.427525100164088512e+00,6.895633057336526539e-01
1.253058365171186628e+00,1.604295953025095089e+00,4.487729650908990342e-01
7.653720570802716727e-01,-2.902798938541301110e-01,-4.523725299665855570e-01
-2.887284397666950220e+00,-1.611966276532082798e+00,-2.933938823894240766e+00
9.382628204509192438e-01,7.404472331909026650e-01,9.445429503539837235e-01
1.349445276546549499e-01,8.661893279972292525e-01,-1.704406425512792478e-01
9.798700889645298728e-01,3.014634505611857307e-01,2.552996940291152317e-01
9.729368932920858803e-01,1.028992190543259744e+00,-1.483938390460397272e-01
1.574022460467325857e-01,7.114653136078044615e-02,-6.096933944353153390e-01
2.452657894499744307e-01,1.172608722453817087e+00,-8.546982271981425905e-01
1.015689532342374690e+00,3.105837276542000036e-01,1.555410410033991608e-01
8.928976064182125860e-01,1.243679368558506360e+00,8.460275486328019956e-02
-4.595478795557673274e-02,-4.469515312270891730e-03,-2.447162371683566651e-01
-3.944891372066839930e-01,-1.479904596335452016e+00,-4.123285284849796395e-01
2.953737189922283624e-01,-8.482297576661945726e-02,5.637962235765978797e-02
2.242634187544496893e-01,-5.506243600973477204e-01,-3.523072272679791950e-01
5.045337951373863872e-01,-8.159177395258161714e-02,-2.880314403300501258e-01
6.215129115322576281e-01,4.997651163032188482e-01,3.562179251422849524e-01
-1.524734243029917558e+00,-9.492336926877865677e-01,3.242172605670380570e+00
5.497759947579328177e-01,1.316270801022600301e+00,5.968528048077873516e-01
4.410256824820081301e-01,-1.323125993745978835e-01,1.371244576232153012e+00
-1.354936026384798042e+00,3.260134878317522134e+00,-2.101744587408082232e+00
-2.510256655911726267e-02,-5.509769809802503859e-01,-1.040306677639133870e+00
-5.003395487013474474e-01,-8.360689456301209077e-01,-2.048525824685002661e+00
-3.155606683534297185e-01,-5.465752679179927132e-01,1.794897578349280154e-01
8.705026525954304151e-02,-5.716654972935529821e-01,8.582356501216241718e-01
7.093135631344789083e-01,4.521909308296434560e-01,7.696151955654037535e-02
9.055217660809848912e-01,8.093646779995425367e-02,4.896540700059139328e-01
5.957552423702708877e-01,-2.070640906845856721e-01,-1.630247130714216341e-01
1.355456325979995380e-01,4.103642829305362283e-01,1.453332358989986028e+00
6.300334759751466951e-01,-1.923839575726278561e-01,1.529981235566432729e-01
6.664004046203066967e-01,3.087411792291915869e-01,6.039888880689012196e-02
7.931318450924279562e-01,-2.603968415714127960e-01,1.385214290524473979e+00
-9.116203798843807160e-01,-2.242674748070606405e+00,-1.502063133022515151e+00
6.994969599395375326e-01,-2.703560959974035324e-02,2.409829947424689256e-01
-8.454607785415931831e-01,-6.427576971981855403e-01,-1.225979214788905924e+00
-1.713089016263551201e-01,1.859588076608798546e-01,6.809239905913203605e-01
2.162869916927977476e-01,2.183463087917107082e+00,1.921001715941610954e-01
9.280252248250070446e-02,-9.005777973137535364e-01,1.325761688078215539e-01
-5.985202510932309261e-01,2.803241475575226072e-01,5.437296898500311171e-01
-6.191128856850268702e-01,1.577192641705499609e-01,-5.336053153694646500e-01
-1.097867805852380529e+00,5.931550336794635392e-01,1.113152607420986540e+00
3.941641376674797637e-01,5.041146981658685133e-01,2.231573716409948727e+00
-4.736447348282776804e-01,5.517377893622218421e-01,6.110916081500679109e-01
2.367055746811838335e-01,-1.063335917882882065e+00,-7.513641159897714861e-01
-4.783385654871075698e-01,2.427613560273451210e+00,-2.474566763952097848e+00
-4.181900090317055563e-01,-1.296419609901089176e+00,-2.001995917462248809e+00
5.795091061256819609e-01,1.667763892881519716e-01,-2.742602404889501466e-01
-7.306058867568973048e-01,2.715008699036487894e+00,-5.354780434801431621e-02
4.225873376990746388e-01,3.251218048119533521e-01,8.579409859417075346e-01
6.172657091949624864e-01,-2.087821614467567921e-01,-1.245963420652175024e+00
-2.059727342196008004e-01,-2.046969631137235623e+00,-8.966800244266908138e-01
-3.697397166000184310e+00,-1.236159605564483899e+00,1.987612091922341895e+00
6.296693052222535059e-01,7.224061545726526701e-01,-5.938907424046068195e-01
2.513425799612464484e+00,1.826436259575491050e+00,-1.796922816816120747e-02
2.825716651860347706e-01,-5.131844627370442113e-01,-1.130860649869178447e+00
8.567350053618030259e-01,1.026664371222885119e+00,1.016315012833358539e-01
-1.315132489871631227e+00,2.248794450324698435e-01,1.372382079335935923e-01
3.837064109663337885e-01,-3.215007044325425278e-01,1.734706310728408030e-01
-4.725762540529675704e+00,1.936827038661135036e+00,-7.582987011298105706e-01
-3.486407381075954381e-01,-1.308063958966567020e+00,2.687895499432619850e-01
8.618452698954465196e-01,3.316447639191230090e-01,2.717770281409019328e-01
6.484835250067947365e-01,3.457709237478611142e-01,1.003883868385446743e-02
1.378357392501335044e+00,-8.072636447511433166e-01,-4.381365845020411820e-01
-2.695769391543488158e+00,2.045047394290373965e+00,-1.387793169853141384e+00
-8.642426108789680317e-01,-7.561743202849443568e-01,-8.185754999967027878e-02
1.760397079196647230e-01,2.540476088079738903e-01,-1.169134947329511620e+00
-9.980350465854564979e-01,-9.598399877713938988e-01,1.199499886325481990e+00
6.653814121381590452e-01,-3.069065973223531960e-02,3.235288957875120941e-02
6.400477640599128160e-01,-4.403241830159098161e-03,-3.571944224845209348e-01
6.902836417104398770e-01,-9.159276209821416714e-02,2.536637080776711350e-01
-2.226880068716879379e-01,-1.566301767610784879e-01,-4.008322116257508338e-01
-2.017635909230557911e-01,3.357435863606932913e-01,2.168697499366651835e-02
-2.785340880642105388e-01,-2.901299898226247231e-01,-3.370115325256977656e-01
-4.156863684711993856e-01,1.119877433899658437e+00,-3.316040245693213095e-01
9.726563630742922628e-01,2.864139850904476314e-01,4.327082322773280199e-01
-1.640415436467106136e-02,-4.731153641115404263e-01,-6.736599851554067042e-01
2.754963050186381990e-01,7.960165578056867253e-02,4.176478462228068733e-01
3.659484077325995122e-01,-6.474501823027384306e-01,5.569857583540583912e-01
5.982884452958142640e-01,4.141993889665658846e-01,-3.778150915967179446e-01
-2.774078647142817489e-01,-1.718417767963430487e+00,3.030624871617116689e+00
1.986277181310048545e-01,2.196804499751126016e-01,8.005495612809812589e-02
1.463960796772093786e+00,8.679244260039554737e-01,-1.538452683677840604e-01
4.979735933864997688e-01,-2.761119777502292760e-01,-1.018263812319374129e+00
7.289776574517103924e-02,-1.001963926539402479e-02,-1.186001828478281173e+00
2.371978627626834257e-01,-1.305145389442327886e-01,-2.252910858686418827e-01
7.103105564967450158e-01,-1.002535050552422202e+00,7.460102094810941997e-01
4.294757069620285250e-01,-7.017694325086925033e-01,-1.028670145524243962e+00
-1.172135405318517481e-01,1.004397311157867456e+00,6.028619857028291174e-01
6.083013463007123089e-01,-2.477831201425361937e-02,1.392796704017498430e-02
1.165497113682228081e+00,6.299226669987996186e-01,4.335340995686405297e-01
7.805382147235944146e-01,-1.454077483206793198e-01,-4.103880629885078846e-01
-1.289633234863560629e+00,9.123254235023762204e-01,-5.957725376517964966e-01
7.159581469978117951e-01,-1.669271582310843938e-01,3.544786347498355555e-02
4.505186413871770656e-01,-1.051366254216860446e-01,-1.027779159985360048e-02
6.499846703606948495e-01,-6.065495255879337771e-02,4.783034214463697253e-01
-7.157280354234099584e-02,-6.562792274283476557e-01,-1.149032264102502365e+00
5.037159587110692227e-01,1.068404795349921083e-01,5.100320892042812249e-01
-6.100933065610053552e-01,2.100001480838384005e+00,-1.186905760180802405e+00
-1.577004991074785201e+00,1.283624505864208620e+00,1.429124605717353891e+00
1.132410865597076155e+00,5.892669963517078724e-01,1.129950568384652687e+00
1.314483722792754383e+00,4.366741483188695816e-01,4.408240254623196214e-02
2.313902358227680756e-01,-7.130416363945932812e-01,3.431650339394005655e-01
8.685584641146074647e-01,2.286534520490510480e-01,2.752086752647201484e-01
1.928150949647624846e-01,-4.232059657120751939e-01,8.664719022847487961e-01
8.246303138776545083e-01,-4.171016809827577526e-02,-1.256736197635826002e-01
6.459360018075172016e-01,1.525256010849583399e+00,8.108008270690983954e-01
-7.367528730465853215e-01,1.285270241169538474e+00,-2.396832292869624514e-01
-1.013225299215543412e-01,2.352551925982338810e-01,5.386193989942661409e-01
1.158623765348666845e+00,1.411520853063201075e+00,5.227135498098699484e-01
-2.954796376707810330e-03,-5.478005166037279716e-01,-5.454192801108782573e-01
1.004403614375981135e+00,1.676804639979172229e-01,1.451256483093272265e-01
1.514182100208417980e-01,7.643377494009901962e-01,-7.418645873965253879e-01
-6.355163882110466123e-01,-1.218443429472757966e+00,-1.585630112910559886e+00
2.266569802101461514e-02,-5.182966794561552071e-01,-3.849390944102652062e-02
-9.017357170261119936e-01,-7.054307999338060853e-01,-1.350740142257545573e+00
-1.047379441946789003e+00,2.531408669395418531e+00,-5.369071664632037999e-01
-1.302427832447849543e+00,-9.076620850632048931e-01,2.684137084312615329e+00
1.071701006737395767e+00,5.297947748704637805e-01,2.619125080352080470e-01
7.297611101011333146e-01,7.976464226568690252e-01,-4.129188256088819897e-01
4.077466552735862781e-01,5.562163446167465164e-01,-5.992803996654525456e-01
6.557288999585761946e-01,3.671476107274004863e-02,-3.266303740297130109e-01
-3.637053720691598713e-01,6.978594571824086046e-01,-6.795443971074263123e-01
-2.493171051059279719e+00,-2.602798549848207355e+00,2.892407812847504811e+00
5.582522038563485500e-01,2.405606596859582447e-01,-4.868387101270045259e-01
-2.878395626347668990e-01,-1.910608534688710836e-01,-7.735439169169512352e-01
9.833486205131222180e-01,-5.824272880230266236e-02,9.015173172855250883e-01
5.177532923667089726e-01,-1.030157268167764650e+00,-6.607902342016829245e-01
-4.572236119910456642e-01,-9.006683358405488393e-01,-8.158669583253720381e-01
1.185421979962633543e+00,-1.591555317895233745e+00,-1.861086200734194618e+00
-7.317929975115455843e-01,-1.607838916272488650e+00,-2.833828272063661835e+00
8.519701436543581918e-01,1.201166756243457368e+00,-8.115998058131220771e-01
5.080249822229795376e-01,-1.163411021940972345e+00,-5.574420035030562826e-01
-7.920914983463950287e-01,1.687819589050922664e+00,2.033793750116376919e-01
-9.049759598360357371e-01,-5.505606852932045658e-01,-2.507333605367352725e+00
6.236574035330311183e-01,-1.752740506575670848e-02,-1.525462416598498232e-02
6.893154908914546075e-01,1.451344039043684087e-01,2.659478386634683278e-01
-2.638492115309768682e+00,-1.981807772416702973e-01,-1.266357640201650092e+00
4.988383675594339484e-01,5.672924774778572571e-02,-2.085508952882433320e-01
4.515075191544273281e-01,1.929976946602897647e-01,-1.059561905154704359e-01
7.046920667514164904e-01,3.535874146667985496e-01,3.228285777260427869e-01
2.087136490427227709e-01,-7.035913457993235864e-01,-2.543028173615115572e-01
6.561318958174168214e-01,-6.317388760825411176e-02,3.030836257729832006e-01
6.239562412608318925e-02,-4.265642440807535518e-01,1.821975748487474789e+00
7.489611295805077562e-01,5.515055303447239377e-01,5.804933489853970896e-02
-2.868538553995991225e-01,-4.010312423936605031e-01,-4.088822410095940274e-01
-2.504324744169536210e+00,1.826769243157147171e+00,3.614591706094223422e+00
-2.534652338170398256e+00,4.983844877313914346e-01,1.540259626567180185e+00
-7.235732046514674609e-01,4.353617399335298899e-01,-7.190259460923976997e-02
1.079864543077037053e+00,4.835704895437614725e-02,6.564953280435763538e-01
-8.237083502958472692e-02,-4.974457772184469606e-01,1.081677737186058419e+00
6.928450341434286286e-02,-2.909644699954925251e-01,1.240231403291388174e-01
6.652103251690814067e-01,-2.868776317525453812e-01,7.021832562973345793e-01
1.475448266235295236e-01,3.895616871946887549e-01,2.253148836586454651e-01
-1.529312134419164027e+00,-4.107495821008004810e-01,8.606834805118385168e-01
8.711593339697975003e-01,5.213848098062907888e-02,9.354497831475534764e-02
6.459556629785581094e-01,3.572299145507579765e-01,2.907107146391392782e-01
-2.443643545106084225e-01,-2.948349045814886993e-01,-9.269961406010296390e-01
-5.127208717997867593e-01,1.002210431497246590e-01,1.245391261271937833e-01
-1.111496915169445099e-01,-9.835283485907413414e-01,-7.264534695146541710e-01
-3.329934752947542598e-01,-1.698330259367494266e-01,-1.749333023846254553e+00
-7.739966858560162200e-01,-5.907857048577188630e-01,7.124944058924608248e-01
5.914344832066780189e-01,-2.831245030777984617e-01,1.150397866787211121e-01
6.460382925722067682e-02,-6.027063812900377293e-01,-2.437631781245019544e-02
4.511152549800124395e-02,4.384952858312154422e-01,-1.438252699144704438e+00
4.260068966037062754e-01,1.195413943619882680e-01,-2.251835479817959063e-01
-3.118855137998027272e-01,-2.468493074086954842e+00,-1.636578699550154559e+00
6.510577878501279114e-01,-1.751563894581610326e-01,5.586438809327356481e-01
7.833258051564763458e-02,-8.090954597441243346e-01,-7.377498519647105457e-01
6.462239486281755596e-01,7.259925262819010294e-01,-8.055959095164187955e-01
1.441246860966993060e+00,-7.968025420186728436e-01,5.467970020090143768e-01
3.285920286861431228e-01,-2.556329485686298017e-02,5.160303852163461436e-01
2.738841596328416284e-01,-2.744820840567426590e+00,1.336320601304523903e+00
3.199897645009519009e-01,4.427438007823559230e-01,-7.891247843208352153e-01
-9.202042229327105360e-01,1.647025631187279293e+00,-2.296727720295325792e+00
-2.676757734608400940e-01,-5.461753161948915136e-02,5.330331188097007233e-01
6.683489143945852140e-01,2.025582702218354791e-01,5.001788410593740464e-01
8.825168410483750225e-01,2.146517654292246641e-02,1.897366021419844007e-01
-2.124884324482144482e+00,3.615204639779194817e-01,4.386049136164691942e-01
3.655138656540377062e-01,-1.324756287466172522e-01,2.978247032289960683e-01
2.104029928377588732e-01,-1.128893715397609743e+00,3.538068925781229224e-01
7.820550815073697981e-01,-1.249063632790548439e+00,1.953681156047834655e+00
-1.108049118288671142e+00,-3.585651084167846392e+00,-5.228044377416379840e-01
6.504047459648721885e-01,-7.717357362410616484e-02,7.881633826079542660e-02
1.257164793666057379e-01,-5.721749297935289080e-01,-2.177446513772345771e+00
1.407198229932056011e+00,-1.745278135402492103e-01,-6.704493301632783453e-01
5.715085150180294615e-01,7.114827569509965532e-02,-3.639999434535990952e-01
4.885777901861274031e-01,9.571838464533956314e-02,-1.344802481126724236e-01
1.774881827943409485e-01,-5.765169457374194617e-02,1.453734880588528899e-01
-1.534939812297201556e+00,-1.778609800418838871e+00,7.146538585735174864e-01
6.510828146589497933e-01,5.700065841421335655e-01,-4.716304464165746446e-01
4.576480759917526120e-01,6.273466312302735659e-01,-2.079405421988734237e-01
8.113326164538013918e-01,-1.077687873911118213e-02,-1.263193941947797494e-01
-2.742650077405998643e-01,-8.280213812244017202e-01,-2.280861962239957741e+00
4.749318106433367270e-01,-1.094704236990734936e+00,-3.316784730010144955e+00
-1.679991433228500641e+00,-1.960506099010700387e+00,5.779122936731075910e-01
-2.529228812536204796e+00,3.834268722424511555e+00,-1.576077448467371189e+00
7.285027663533252817e-02,-8.323690823059320953e-01,4.885762515916427517e-01
7.592606359502978020e-01,2.342328190368201390e-01,3.526845175621531447e-03
-2.193320618573427527e+00,-2.925910197590861905e+00,-6.890099751388691907e-01
4.556843677520100999e-01,-4.879151155124407113e-01,5.082997654123784237e-01
1.808654100590329772e-01,-2.714993846552452017e-01,-3.748385398104657207e-01
-4.707279535371203139e+00,4.160863225463402593e+00,-1.911739233055714138e+00
5.813391566228012231e-01,-5.868709442401341958e-01,4.652083713012689081e-01
7.091214851668529162e-01,6.685395962774834389e-02,-3.274377508596034159e-01
1.783554417850331253e-01,-6.133300542915477438e-01,1.054043351400846484e+00
-4.347132435780620696e-01,-1.301388200673156137e-01,-7.107692893761241582e-01
8.133704698528093635e-01,2.002870034878807826e-01,2.633201737548920840e-01
4.192501032299106867e-01,6.828258340786468317e-01,-1.888962362350417257e+00
