-5.137383877498600704e+00,1.792304206918299725e+00,4.306281401030608857e-01,-3.058379067740468749e-01
8.835811931106796635e+00,-3.928210612231742282e-01,-5.326238901908102452e-01,9.789136893825114427e-01
1.333819088493709693e+01,6.990411756134287113e-01,-6.645736586357625653e-01,-1.562473879320939174e+00
-2.552561947068916037e+00,-1.965865914311838880e+00,-1.008733371172944482e+00,3.897757745532082763e-01
-1.191296210611755280e+00,-3.082095088061309163e+00,2.159204986694307937e+00,-3.419172587334095681e+00
-6.440428187503425272e-01,-7.110722223527902175e-01,-1.996254908054077459e+00,1.366011743631347919e+00
1.271880649615076131e-01,-3.813886772993207330e+00,1.922079859598291307e+00,3.819062343486650413e+00
-2.222577612734877750e+00,-2.868803442921579183e+00,1.359439011303865963e-01,-2.072051638873330770e+00
1.607879286838328703e+00,1.444878062550425390e+00,-1.461862231890836306e+00,2.011373461340200119e-01
4.189074802992044155e+00,8.135368003413261384e-01,3.990609397777268974e+00,5.868971590621094858e-01
6.970870935808792801e+00,3.247981504515810247e+00,-1.147843091797706272e+00,9.930539104329834110e-01
-5.476415357415580942e+00,-7.088315884468718853e-01,-2.053216655358247600e+00,-8.602414025373122941e-01
-1.691026332189050407e+00,1.254705736465593136e+00,-2.425064132835115238e+00,4.664632247784164520e-02
-4.382390777180852126e+00,-3.267479368865747968e+00,1.014746648069236423e+00,-1.241630956062540259e+00
1.087923134727863506e+00,1.952341827108770467e+00,-3.909540821459764448e+00,5.523326021066972125e-01
-6.398257309490396949e+00,9.824084506305585940e-02,-8.705584325057981188e-01,3.853354486417738256e-01
4.603252588682068769e+00,-2.519523172068142802e+00,8.764764449873903018e+00,9.162146790319867229e-01
1.111200275651486891e+01,3.101985230196564469e+00,1.702305940474300838e+00,2.451636022178912633e+00
-6.401587102674514362e+00,-7.416436269117209212e-01,-1.215110473036657091e+00,1.254933105994156861e+00
1.304872995176127981e+00,1.582376567063229045e+00,4.848953006475578698e-01,-2.379422069091688130e-01
1.359644551645416399e+01,4.444055260847628475e+00,6.965735098642664269e+00,-6.857475656915221762e-01
-2.052228160366982745e+00,-5.774430297937183987e+00,2.361573323670555613e+00,-2.264573270223366297e+00
-2.088381898187159358e+00,7.592919659429883672e-02,2.690301403517483703e+00,-1.325634792348804991e+00
-3.085846245722662751e+00,-3.700101788479408960e+00,2.359184778410286842e+00,5.717626887610199882e-01
4.121513377491814900e+00,4.417744063363515661e-01,-3.797156712581439830e-01,-5.045641492308042153e+00
-5.264566882083454580e+00,1.954507060624154358e-01,-3.333622563309530218e+00,-6.654555779060585818e-01
-7.095230971214352422e+00,1.280865003401810143e-01,-2.371692638484568683e+00,-1.649924303258827885e-01
-6.438195172027984192e+00,-7.326145615223617069e-01,-6.026443103859453476e-01,1.395144076371174879e+00
9.085941904961710947e+00,4.320929281311381764e+00,-1.286539638350609138e+00,-1.590148204880145189e+00
-4.341207490834123384e+00,-1.424816177818162943e+00,-4.512380953519357085e-01,1.005102091912690510e+00
-6.938430795398818240e+00,-2.922622291821060370e-01,-1.842968976545226623e+00,5.985120489454275328e-01
1.487927640101245963e+01,-3.006714228436057290e+00,-4.213606217592652525e-01,-3.634883906604823856e-01
-9.679911608625576536e-01,4.671466272455907509e-01,8.604596583618027983e-02,-5.965516870369873548e-01
-3.374706170228277013e+00,-1.919386468155073411e+00,-3.527651054059914415e+00,8.075696316064255864e-01
5.490719566916228089e+00,-1.625979513621544248e+00,3.248449390663258551e+00,-7.584400279927714372e-01
-1.541319961601590904e+00,4.562226079976474669e-01,-1.394165393579145595e+00,-4.370548847385799185e+00
3.768203080028276641e+00,4.065458640979978666e-01,-2.051159652484148221e+00,3.553931561068206069e+00
-5.218948030699777085e+00,-1.995728026050061832e+00,-1.583573428598732180e+00,9.120464624984458979e-01
-7.607282999839310556e+00,-1.772135727261497262e+00,-1.612165951684843224e+00,1.712818876056606765e+00
-8.249424995818069206e+00,8.141136317044699311e+00,5.181795598646541379e+00,1.687069166446613533e+00
-5.487903021918606683e+00,2.659947758236199000e+00,1.098317192269739062e-01,1.217047951231721825e+00
-7.297205437697138031e+00,2.489567514842914608e+00,-1.332614823435473328e+00,2.480118164367039468e-01
-5.682732742271532494e-02,2.024644899813970778e+00,-3.518833439382106132e+00,9.843750412053859922e-01
-4.502168406775445497e+00,-8.699396994880551626e-01,-1.239171377192762380e+00,-1.678756831371679192e+00
-1.008349183298653529e+00,4.919242883702282798e-01,-4.057508049894733015e-01,-3.470656887570108817e-01
-6.273381328640275090e-01,-2.923666854971462836e+00,1.715135288753449672e+00,-2.831407653344124586e-01
-4.773081974577444875e+00,-5.070957293329197979e-01,-1.235175468004771071e+00,6.071084277906709792e-01
6.729726021287881998e+00,1.851911142186854153e+00,-7.194699595842000139e-01,-5.223902073623689635e-01
-4.264248397463574314e+00,1.260068339814077287e+00,5.888686024307931977e-01,-2.861077841950632195e+00
-7.807146192274169172e-01,-2.331828117801213907e+00,2.819133542230564671e-01,4.813750198151112714e-01
9.652629973639832439e-01,3.766643115401237640e+00,-4.547281159150749374e+00,-4.075407418240946988e+00
-3.913069862571070701e+00,-4.129436752823922419e+00,4.022409848622005013e-02,1.489283916565625754e+00
7.626948460923333784e+00,1.206026491647711829e+01,1.382474908582058015e+00,-4.543069171017303454e+00
-1.120191541428348314e+00,2.337685872135145809e-02,-2.928882574703120523e-01,1.558669046786885781e+00
9.360638955163568253e-01,-1.069669202151610676e+01,-2.205527088725007245e-01,2.086852434615355634e+00
-3.968929411054287648e+00,-1.801219072465037430e+00,6.418644798606205903e-02,1.159437267135118743e+00
-5.475493320748365811e+00,5.951429606295380204e+00,1.011504830983387171e+00,-5.076203014395462843e-01
-4.417894270279479230e+00,-5.176051748058155155e+00,3.131824586735232785e+00,-1.579722643937627180e-01
1.490070630068969315e+01,4.123995241536340117e+00,1.329119549677387990e+00,3.454915126700753625e+00
-5.120723614616273345e+00,-8.188848614478011489e-02,-4.725182871483560199e+00,-2.602341541259219238e+00
-1.203121216797914617e+00,4.149350293878462104e+00,1.064867723428180035e+00,-3.426550541175189313e+00
4.777718159274642495e+00,-1.959302177410212398e+00,1.044162871870581544e+00,-1.007937676901481394e+00
6.867600991788788356e+00,3.621144436868108496e+00,-6.258639380631516147e+00,-5.961720926630166062e+00
-5.207385099553313523e+00,-3.744142517926607461e-01,-1.034325015588135610e+00,1.051721693610210506e+00
8.185199334259761761e-01,-3.694564480079406632e+00,3.004678406279353453e+00,9.619164888470453922e-01
-5.224386339109446276e+00,-1.266050085807641556e+00,-1.675165736570659147e+00,-4.037767260928833979e-01
-2.154750464886704187e+00,-1.985127859563322161e+00,7.087390338122417921e-02,1.734658776045085116e+00
2.573115426467004863e+00,-1.697335967481726993e+00,1.682358949734560558e-02,-1.526677343806303044e-01
2.427329889606195223e+00,2.418888089583827838e+00,-3.031334931183575776e-01,1.947050754845049525e+00
-5.660607491445476924e+00,-1.163304747979456710e+00,2.285834595649866685e+00,-2.307836025050232553e+00
-1.119750531771903823e+01,3.122636936969803934e+00,1.799166619843681314e+00,2.329483378071427691e+00
1.431935775125892540e+00,-7.091069597479081610e-01,4.951745890292734154e-01,-2.050217021179868926e+00
-3.915100070856996961e+00,-4.125587065705341061e+00,-1.540500141877872542e+00,-1.202033762942801287e+00
1.673856041947644258e+00,-3.808108533837782250e+00,-5.907878091470369908e-01,-4.414526474000196821e+00
-1.037414417930823785e+00,4.379025530748255512e+00,-7.556690284148260828e-01,-2.143615938512893671e+00
-1.487875782110589817e+01,2.198302486545991474e+00,1.289214897130734894e+00,2.042010473766312284e+00
-8.597188924070552574e+00,-2.270433923486889771e+00,-4.964624853330104060e-01,-4.759384393050148376e-01
2.705026215228607533e+00,-8.624195037669716291e-01,-2.262886430675029370e+00,3.733610656105782244e+00
-2.074107676070662265e+00,3.931566607452687823e-01,-3.154540966146275882e-01,8.688949128390481835e-01
-3.695274654063936737e+00,-6.832109111087765196e-01,-5.172723021164562507e-01,1.569177434759322809e+00
1.038141835563233695e+00,4.622450821701017176e+00,-2.915133872723322028e+00,4.527617342352704966e-01
-8.041776286193003997e+00,4.779502630881591330e-01,-1.056762646753955925e+00,6.128541968277817498e-01
-5.251488820613325004e+00,-2.616782346378956348e+00,-3.896384024083442837e-02,-9.887465197963964114e-02
-4.502375444652830794e+00,-2.492449444952058168e-01,-1.973730128098465819e+00,2.088925535596452665e+00
6.092000142823444264e+00,-3.591568945044723460e+00,1.451040010619353837e-01,1.987771375710318533e-01
2.644069586222080215e+00,7.464987545740253694e+00,6.961637911889312136e+00,7.634969752110457586e-01
1.199095598311597399e+00,-1.351337836953588001e+00,-2.633420062248514881e+00,1.142679033038546343e+00
4.550300781099456238e+00,1.992251936303996107e+00,-1.262233754725268442e+00,-2.435757080461328439e+00
-2.387682885318877180e+00,-1.599786819258364634e+00,3.358202058445601601e+00,6.031669901016982749e-01
-3.758634921469847345e+00,5.661879188393259543e-01,1.353322018146597028e+00,1.834351040011177769e+00
-6.818345661884735343e+00,9.877430180066151255e-01,-2.374743060600527922e-01,7.874999035002134828e-01
-5.482578777052721897e+00,-1.994977625260389020e+00,-1.029697566613652082e+00,5.855730133838209506e-01
-2.820011308014211071e+00,-7.665932406165071988e+00,2.301977849651952734e+00,-4.776637104588758120e+00
4.087797986550221196e-01,1.366240690241865341e+00,-2.407311356070647612e+00,-5.012885881882459538e-01
-3.176618862701809931e+00,2.636724527980784050e+00,-2.436088283597484860e+00,-7.531873625780862724e-01
-6.305304314554089018e+00,3.771422049189196102e+00,7.576680765400154449e+00,-3.351418842585288105e-01
1.409256857600405688e+01,2.818497869518136856e+00,-9.806082918184886310e-01,-2.254642733335782356e+00
1.236649636989032075e+01,1.101378613754161462e+00,-2.023633609458358684e+00,5.922864808630272648e+00
5.609239620302480134e+00,-2.807292455235757878e+00,-1.017072828184780953e+00,-2.431933536012652830e+00
-2.630496516768006554e+00,-7.526134308857749255e-01,2.092703715361604322e-01,2.597119030554363994e-01
-3.331721453768029306e+00,2.636007360265972266e-01,2.401307410767977490e+00,-4.319037219165625108e-01
4.399245739162113367e+00,5.770462166790221170e-01,1.091623501003394269e-03,5.052401785888072788e-02
-1.099312140949678662e+00,2.539551113673783611e+00,-6.793701318504731523e-02,1.256191106505365473e-01
-4.941124999400482665e+00,2.717900885025046898e-01,-5.977259938070590417e-01,6.783677208098012335e-01
1.412991467742499907e+01,-3.718764737039756962e-01,1.285676017474479238e+00,2.273503287350119528e+00
8.617331205447640308e-01,-2.627397504568223408e+00,1.128899553509614684e+00,7.567752228014487104e-01
-4.878274399311148812e+00,-1.118996398006832260e+00,-2.312807989724361413e+00,6.439627667577138004e-01
-3.848132418082410577e+00,-2.747727122912964060e+00,4.304345464590451087e+00,-3.637741452592538893e-01
-4.192030740913543774e+00,-1.490218335118427717e+00,-1.138537703231024423e-03,1.070059159203143428e+00
4.318596322141394772e+00,-6.761760385540903862e+00,-3.212566753416982390e+00,-4.670569781433334455e+00
-4.528317689200674678e+00,-2.217149605460291717e+00,-8.203823308122112357e-01,-1.239161029193675878e+00
4.099717045890011846e+00,2.007786632293000917e+00,6.862537811907737373e-01,-9.394746767196978654e-01
-8.235852680606278398e+00,2.505317695225983243e+00,-3.187082818740826884e+00,-1.315489087581937389e+00
-6.158960515929630120e+00,1.133382294962202330e+00,-5.248386072674015024e-01,9.054049856382432315e-01
-2.722715428753959888e+00,-2.913947374865701434e+00,7.872609099275047484e-01,2.454086278798945031e+00
-6.362598730369435351e+00,1.333254006034251087e-02,-2.181418035109182529e+00,-1.830786396091271806e+00
-2.392107725393885609e+00,-2.495174889920739325e+00,2.823616084836891638e+00,-9.391500653115694153e-01
-4.321326192164587354e+00,-2.748972224007361742e+00,1.561745410776483878e+00,-4.010654292406308774e-01
-6.164492553207431280e-01,-2.909963704413687235e+00,-1.657525714625237345e+00,1.614638366318881912e+00
3.372199919805114909e+00,-6.219122104166399101e-01,-1.566599028903504554e+00,8.942748689165643805e-01
-5.127582242043335903e+00,-7.095249244362673569e-01,-1.847323616390805778e+00,6.071264842443210297e-01
3.030956271667174295e+00,4.003471794598375766e+00,3.170813803797275732e+00,-2.593599005592237550e+00
-8.407732844462268984e-01,-1.168899898855674735e+01,-2.327602359102752594e+00,-7.303805574168932502e+00
-5.631832368620365514e+00,-5.655756488110402769e-01,-6.195428299694277774e-01,1.297188874283692339e+00
1.639682325117883810e+00,2.390797129715151126e+00,5.544841012451002804e+00,-7.120480052432972551e-01
1.745778477932806183e+01,-5.309640067117966655e-01,6.023789418622107483e+00,-4.631583321432671263e-01
1.297502844015565593e+00,-2.316504438495484486e+00,2.515289688530153889e+00,3.439389398500530826e-01
-9.191008689490923755e-01,3.706599438424517112e-01,1.567457547721355704e+00,-1.663484519305992615e+00
1.973397113921244506e+00,9.964158123672862688e-01,-2.558301092451106484e+00,2.729502452508985488e+00
-5.666142263361677145e+00,4.032100827276518196e+00,1.693700563309369800e+00,-5.047118822102288904e-01
-5.601815136389120653e+00,9.713168154223076334e-01,-2.160486378475048319e+00,-4.515105348716013517e-02
-2.563296186098216189e+00,1.866218074160138407e+00,-2.593500330984080282e+00,-2.363660343074463821e+00
-4.782975539330980297e+00,9.353461003443273025e-01,-3.707488377668203494e+00,2.290779363003945246e-01
-6.501432339105728708e+00,-2.868921960283211670e-01,1.506704047324863571e-01,5.302846931109017614e-01
-3.592777874777259850e+00,5.982421642598958478e-01,-1.675542703311174275e+00,4.965214766105967570e-01
-8.840067414672521551e+00,4.020015853068094058e-01,-1.861487625729159490e+00,8.569910512180176632e-01
-5.503443218018222005e+00,-8.250758774042679100e-01,-1.011585316220825481e+00,6.366890165612055785e-01
1.335889860124586370e+01,6.309494309018993663e-01,1.787826842764811686e-01,-1.671194848422284662e-01
-5.078175807293940913e+00,1.443328386101338179e+00,-1.318740588603937169e+00,1.283441853083637563e+00
-3.266421110501668057e+00,4.323146927578029874e+00,2.252837540460761900e+00,6.865955799529600556e-01
-1.373415439214352940e+00,-8.965598447128445558e-01,-5.998130308165174063e-02,1.013927255695455720e+00
9.240929465735920445e+00,7.297025756512839578e+00,1.825444022915289954e+00,-4.414650101154918183e+00
-2.305976113501774782e-01,-4.487119140449251198e+00,1.658195451755379635e+00,2.568438320743089004e-02
7.925523801765890219e+00,2.934826385189751807e+00,-5.052140222505638434e+00,2.444913441591813452e+00
-1.907005701056679881e+00,3.582234382455211086e-01,8.396074542586531297e-01,2.295992713164113574e+00
-7.450112924183375229e-01,1.337768816777243908e+00,1.653120461914038275e+00,-2.114875270157362763e+00
1.026483954578228053e+00,3.756492338173199830e+00,2.993941680310354680e+00,-5.455420061548296173e-01
5.449514186846969643e+00,3.808311396226002898e+00,3.195625191061564063e-01,8.613524969122846597e-01
1.984822420417106992e+00,-1.214458470911220500e+00,1.620931803024442175e+00,-4.849587575689763064e+00
-4.359472071036353924e+00,1.252291576139447915e-01,-2.887334445795007309e-01,-9.390273097314232320e-01
-1.160229082497921116e+00,-2.464873481345597028e+00,6.732095046869822630e-01,-9.805502355104105394e-01
7.791152408742066271e+00,-2.699077824626657129e+00,5.876107334329609966e-01,1.557213454818496268e-01
-3.622170729368615838e+00,-7.191597055920105896e-01,-3.608941851055919248e+00,-4.357388613246278020e+00
-4.125774642224120936e-01,-1.808785512258564321e+00,1.366821311483207069e+00,-8.905134839264536861e-01
-7.137275524349298017e+00,-7.204267098937631175e-01,-1.307781265319957198e+00,1.135661986431509174e+00
1.148529243493469298e+00,-2.360268978973196319e+00,4.836084351167361794e-01,4.594296394862159433e-02
-1.620797638080402059e-01,-1.776272425426230206e-01,2.712131288754735525e-01,1.233942927187568372e+00
-2.248219445475774236e+00,2.337764941487075365e+00,2.648273035086841531e+00,-5.741327578317434455e-01
-4.646975793862103465e+00,-1.490027276197440020e+00,-2.026717169514531403e+00,-1.613765131920940898e-01
-4.762639683094876730e+00,1.350143242265120780e-01,-1.384155747434453021e+00,-2.351946956296138702e-01
1.385920056934015765e+00,2.988839511208122524e+00,2.370089425759098312e+00,-1.904565087908872023e+00
-4.617741676424335751e+00,1.405649479711231775e-01,-1.588026604134753939e+00,1.422232358978388511e+00
2.487417205287342004e+00,-1.512144204420447835e+00,-5.286273245323089842e-01,2.392801214348405203e+00
2.701260790608155826e+00,-4.253047035587966818e-01,1.252027010579585820e-02,-3.716043676055433842e-01
7.624663539543208302e+00,-7.422353760256340527e-01,4.572972723900154413e-01,1.139342067927704427e+00
-1.301075488790998547e+00,-1.671110607096300438e+00,-4.861081605546443279e-02,1.966123775163681309e+00
3.705968201670509554e+00,-7.392253997456179615e-01,-1.612320074650878565e+00,3.313704895245118465e+00
4.215519020442518361e+00,3.539763733675601043e-01,-1.618402896019911941e+00,1.566459311416513289e+00
4.118494826004275744e+00,-2.833799474387342254e+00,-1.449434582989893805e+00,1.369015075545653382e+00
5.903388379417555676e+00,2.520848528691457702e+00,4.293464339772304350e-01,9.812952923803969218e-01
6.601030266218561593e+00,1.821478416260445377e+00,-2.937347289887545454e+00,1.581685721558511171e+00
1.284815136519762202e+00,7.909294677393724271e+00,-2.002385127049858937e+00,-4.598212158039975961e+00
1.446936164593994789e+01,-6.650094086517026604e+00,-1.559642841154970982e+00,-4.000192742151307712e+00
5.037533490742606368e+00,-6.533789495814169568e-01,6.543592205234347148e+00,1.649300414647762170e-01
-2.373773487444734709e+00,2.496723952675871328e+00,-2.983846962187515217e+00,2.010526481084735195e+00
-4.546369697888767547e+00,-5.157603164198607537e-01,-1.014401376623770723e+00,1.310159074014176861e+00
-6.192025283383294720e+00,-2.849304479274692437e-01,-1.428523270844204163e+00,9.691761822674938021e-01
1.205492463861084396e+01,-4.868589611133853912e-01,-1.749101904633427296e+00,-4.292094034790978618e+00
3.313412726567612765e+00,1.455130492328480241e+00,-1.334315942484227913e+00,4.613021132174624839e+00
-5.455751778662502716e+00,-4.610836200904373516e-01,-1.672620681270098109e+00,8.287409653498422069e-01
-2.697939906354588135e+00,4.819110218069335261e+00,-5.344055314782948374e-01,-2.908923108986487982e+00
-1.740611967070993638e+00,1.714580423011601518e+00,4.111603278929462646e-01,2.543873233864726163e-02
-1.246090065689522852e+00,2.010426038024771156e+00,-1.889485889373423433e+00,-4.460314770601939927e+00
1.857264942875334612e-01,-2.943345679636696577e+00,3.581954632845675501e+00,-2.051150922316640202e+00
3.830009461229753054e+00,3.439254078216095412e+00,-3.021576471564976885e+00,5.141396035010337151e-01
2.595680340250607010e+00,-1.030636715701317652e+00,-1.608611768123714425e+00,3.198057213682827360e+00
-6.904761398905259639e+00,2.062963916138772280e+00,1.723818368771153686e+00,9.860738118830048027e-01
-1.125082771700635043e+01,4.416287449188484260e+00,-1.959188963626134761e-01,-6.202376414333046206e-01
-5.411334513302181293e+00,1.114137867313783836e+00,-4.211734279658745916e-01,4.270966037337534660e-01
-4.696168042405475695e+00,3.307419398347374973e+00,-1.635139792691755023e+00,-1.020039074571072790e+00
5.187769090610179212e-01,-1.944718780614923981e+00,2.137665243345479915e+00,-1.001409629243349197e+00
-3.150402118836109100e+00,-1.886137664273104919e+00,2.233231984796517189e+00,-3.173792257813359274e+00
1.540224698538607662e+01,-3.299029020257903788e+00,4.272566956061142562e+00,5.458367887008206409e-01
-6.568303324715098590e+00,1.212083836172389262e+01,-1.062910184515635015e+00,-2.412200496248424475e+00
-5.464585900629832516e-01,1.338819243457793240e+00,1.081717460913997675e+00,1.030953196792278925e+00
1.307334387313269985e+01,-2.089992865721310267e+00,6.701776166413475622e-01,-1.816184273339061239e-01
1.577304565862118535e+00,-1.091333603864650836e+00,-3.636334710233007250e+00,6.446162816633522752e-01
-3.657335014853537292e+00,-1.906752813216479936e+00,-1.233548013357307571e+00,-6.403949743173880105e-01
-5.266008938659189731e+00,6.894340845544732588e+00,3.778446458735068791e+00,-2.221440355551969337e-01
-5.099575593481294078e+00,4.330244522925258410e-01,-2.108092984628324729e+00,-1.013788842259957690e+00
-7.662579990765635785e+00,1.087912218138904041e+00,-1.527495726952816879e+00,1.040756337730853298e+00
-1.743244830766022213e+00,-5.897919124572158500e-01,-1.579094735502928115e+00,1.245102499449609323e-01
-4.010712292827387060e+00,1.513984680911595326e+00,1.108870547054370714e+00,8.533638568416689330e-01
-2.762569544816533273e+00,-1.162682397219337638e+00,9.476445857559834263e-01,4.513393221681272771e-01
-3.125113066493134362e+00,5.322696964362640948e+00,-1.940858732570547085e+00,3.704414787737594916e-01
2.291329558595742721e+00,-2.308784942202771084e+00,-1.112683635011640471e+00,2.253500817583344418e+00
5.258346167128721049e+00,-1.531395644421361002e+00,4.444494694159120685e-02,-4.149623279753303362e-01
-6.331182615782656065e+00,-1.599293482166205260e+00,-1.459708716584384058e+00,1.450450413735022481e+00
-1.052536687360227097e+00,-3.253028519027321153e+00,2.141641364557967275e+00,2.428576887185336819e+00
-4.867400333073796936e+00,-1.211889587666029389e+00,1.633931408782726136e+00,1.569158124592532344e+00
4.309267730179420219e+00,-1.388144635443522734e+00,-1.840971404384472709e-01,-3.184566726776475232e+00
-7.465502298128787295e+00,1.870403042406684202e+00,3.391896298780272989e+00,1.473986498944103163e+00
-4.648345541425618066e+00,-1.301691049783979315e+00,3.504627147449819624e+00,-7.419442852414050993e-01
-3.466038578185226982e+00,-2.171088021773987631e+00,2.051091107954864379e-01,1.726309086494591361e+00
-5.491715609330093173e+00,-8.039526055896761836e-01,-1.935740875668608085e+00,-1.044536564351050689e+00
7.908959329678888039e+00,4.746866947197641906e+00,3.380610902198288859e+00,-1.264741833309074082e+00
1.502869853648408949e+01,4.288065556877335815e+00,-5.924389155634413484e+00,-6.329735582670917848e-01
2.485036064476394468e+00,1.245715603565718421e+00,1.521789462488954969e-01,-9.973731906327086838e-01
-8.368362738089048847e+00,1.163825176701118513e+00,-1.031197758845252110e+00,-7.202499648249715003e-01
6.947307418316376548e+00,-2.646468113588299698e+00,2.896326771087409213e+00,-1.052255604476352913e+00
-3.649124005403625581e-02,7.588965352877301562e-01,-2.640098571462439647e+00,3.903546451615306001e+00
-3.011902481765753148e+00,-1.394217587278441917e+00,7.716365496758111897e-01,5.863728201927822514e-01
-3.936417494292760999e+00,1.174430860705951984e-01,4.130541442643737682e+00,3.136004474479701931e-02
-2.538562170403707796e+00,-1.165105758179947770e+00,-2.309069794235710571e+00,1.929694045174833006e+00
-2.762149215834218463e+00,1.201641636946168656e+00,-2.772185388882141277e-01,1.008581271118926592e+00
-5.556165955524867250e+00,-4.116472543715120058e-01,-1.682553950256742370e+00,1.086007970584976556e+00
-3.642558355717517848e+00,1.432410295207672934e+00,-5.366669287596069537e+00,-2.322026992757344921e+00
-2.994104477330520986e+00,4.246635893094370395e-01,-2.729754969146549026e+00,-8.394309278387399598e-01
6.362350126146003149e+00,-5.200386148172488454e+00,4.214687668462004488e+00,-2.738873676011787328e+00
-3.780629167800956481e+00,-1.385048405146394934e+00,1.917812486020411100e+00,-8.781904103492658986e-02
3.600430845489372533e+00,-9.480009714894062078e-01,1.310061914476361000e+00,1.672670744829070077e+00
-1.465343733289819150e+00,-1.529794909097446309e+00,-1.482313429900152801e+00,2.995276828832511118e+00
3.970505662145611847e+00,-4.902885691602539842e-01,-1.604953172365853664e+00,4.589689048903191626e+00
-5.475884763840618064e+00,-1.182459283508145997e+00,1.316582013645162696e+00,1.016978696322509146e+00
4.837315710045142492e-01,-1.372559956991490360e-01,-2.630166388810847078e+00,2.450003208701974966e+00
-3.631274118481992996e+00,-4.627444681341939536e-01,2.008483331569242691e-01,-2.385626357769598194e+00
-4.063209105338525085e+00,-1.998047442261911888e+00,8.849530611301485716e-02,-3.257651589729277930e+00
-6.503973526441585662e+00,-5.817625885615068659e-01,-8.363325976145055130e-01,1.421646754851705108e+00
3.172038010321660551e+00,2.771902321226292210e-01,-2.585452896298698011e+00,-3.677026740443407049e-01
-2.657499344434826494e+00,2.216589768578194342e-01,7.856802919979420652e-02,-7.730546287957131835e-01
1.594977677552951723e-01,-3.426565289261059188e+00,3.474350402295135254e+00,-1.136200689190425495e+00
-1.990658405279466248e+00,1.533572731739136552e+00,-4.895679107257063123e+00,-5.002997484345147683e+00
-8.308963905118912363e-01,-3.272794198518592657e-01,-1.525036738397924641e+00,5.729366284327043202e-01
-6.431333922203225306e+00,6.065321807732056980e-01,-3.043941921331079214e-01,1.364512020326553721e+00
4.423678156092521796e+00,-1.085118387596774703e+00,-3.133900684211390897e-01,5.455018496672227046e-01
-8.433495727491393978e+00,2.385251736471905026e+00,5.392771113172389885e-01,2.920081212591003617e+00
-6.191497578405967817e-01,-6.317128205048661016e-01,-2.078799724180764752e+00,1.540462668122404288e+00
1.140874091348015540e+00,-4.336235556727664253e+00,-2.610240621426124452e+00,5.984144166413822852e-01
1.125136748714317925e+01,-1.782353391754011529e+00,-5.428174263516091225e-01,-2.545593982671664257e+00
-2.881473040891846971e+00,-4.773786430491243848e+00,1.723604055336783736e+00,1.117021543976097542e+00
-1.106138281843591420e+00,4.303888107520978501e+00,6.809132314500425665e+00,-1.519272765952585924e-01
1.668766155089745240e+01,8.206540750865481959e-01,-8.420347900959912479e+00,7.557262810488672322e+00
-6.207832406565364280e+00,-4.615353598098868027e-01,-2.638925305708774913e-02,1.099788080842894811e+00
-1.480226189689799465e+00,-9.417966478037854472e+00,1.028003929493784874e+01,-2.986672044622554090e+00
-6.820396802550890314e+00,1.056526487050874596e+00,5.291000453439347329e-01,-2.581566379549969370e-01
9.081012221463547363e+00,2.256761399837357018e+00,-4.038577275476555428e+00,-5.798137726535094849e+00
-4.333586316879380895e+00,2.229392744787958291e-01,-1.155139607403566471e+00,1.126829015346661744e-01
-7.978648643760079651e+00,9.873960684372004581e-02,-9.083543400594104034e-01,5.852399919913190418e-01
-9.148464443827727166e+00,-2.879561051337397259e+00,-3.029283291945185641e-01,3.468403770702378264e+00
8.287100817669335484e+00,-1.994303261332373900e+00,-1.491829569901867547e+00,3.027087808632862309e+00
-5.667775400084571480e+00,-7.460823976331528717e-01,5.034890114695217411e-01,1.145252445892989357e+00
2.805847272529478964e+00,-6.180380137766621651e+00,2.917137336854517260e-01,-3.381981858933343243e+00
-3.875103813279290321e+00,5.142494697643717139e+00,-1.940310076111621429e+00,-3.772965646059357248e+00
1.176619319590301638e+00,-1.386039945644190308e+00,-1.264745739392293400e+00,3.771128389445824736e-01
-5.088230340745598212e+00,-5.095901188066918053e+00,-2.304806744819670961e+00,-2.218812951209830686e+00
-3.560227137843542611e+00,5.617337387813926775e+00,-9.522930151463949722e-01,-1.486102598171658906e+00
-3.686814230175679441e+00,-9.023310483596014286e-01,-3.991972765857265126e-01,2.127166146211770581e+00
-4.083549670082414096e+00,3.903671794755219526e+00,4.017997385527070975e+00,9.584821984327989153e-01
1.731198853385300040e+01,-5.096797869103837364e-01,1.169943995415498872e+00,3.812465660815577806e+00
-3.520122255435688796e+00,4.040673971330573266e+00,1.779583331527985868e+00,6.897399254373497435e-01
1.582396981536846381e+00,-6.879704485528094438e+00,-5.903580394930209030e-01,-2.631958104964454925e+00
-5.357717122013463396e+00,-1.056602971205663044e+00,-1.140357334317547489e+00,-5.631325299894278207e-03
2.185911408177230619e+00,1.473291424366374835e+00,4.287996517201520419e+00,-1.679689525458308852e+00
3.030987979809548261e+00,-3.601127776853697782e+00,2.357759365147138020e+00,-3.299971870961827758e+00
3.591840279440193573e+00,-2.585587930919769128e+00,1.971838602088983539e+00,5.489650177835790901e-01
1.207734101387036496e+01,-4.511658034592389122e+00,4.355321191953120064e+00,9.638940269123695836e-01
5.478842687238304476e-01,6.060647317617010588e-01,1.828017086231888966e+00,1.752295138138561414e+00
5.343017449286716847e+00,1.742078237681051078e+01,9.191085834844182401e+00,1.012492419801079707e-01
-4.258473300272027195e+00,-3.582277210518131749e+00,2.564619001251168040e+00,-1.530810210829903095e+00
-6.580000288016655929e+00,-1.086285888248138098e+00,1.367734907508924680e+00,1.422726910854544391e+00
-9.308243962283206940e-01,-3.783376236146409610e+00,-8.785197385179781548e-01,-6.235849485403842651e-01
-3.037768388451189239e+00,-3.868159391009906134e+00,-5.316366464295290140e-01,-2.091015706066493340e+00
-8.376644390227284021e+00,4.486968598157716759e-01,-6.645937233888167261e-01,1.144532061349514240e+00
5.433767678546575830e+00,-2.616652264960858343e+00,-2.576655409683153763e+00,-4.433774557275366845e+00
-5.040606887907832068e+00,-9.216960771373863270e-01,-1.565834535909782721e+00,9.502732791730322814e-01
-7.735883271180832743e+00,9.328178454006917919e-01,5.210687031902715427e-01,2.141133836452572492e+00
-1.436117472586760924e+00,2.226403365934412903e+00,4.449756464543191264e-02,-5.409481065592905979e-01
-2.650336740895809839e+00,2.166514230275528252e+00,-1.461963428738759951e+00,-1.176236113959906682e+00
8.005260814485644971e+00,-4.106025460633548896e+00,-2.138700881715204449e+00,3.097822681658826571e+00
6.526151024465959516e+00,-1.335656983852658540e-02,-1.257612940104486654e+00,1.958546465499062972e+00
-6.684641812532027494e+00,1.277236010054476623e+00,-1.575595365834354888e+00,7.965747280200118352e-01
2.045025337356435990e+00,-7.826425000496532114e+00,-1.332116647199509396e+00,-4.131802611788191193e+00
1.629045083241053149e+01,2.465936584864128811e+00,-2.817806943196702996e+00,6.819672953297879481e-01
-2.637544764868735570e+00,-6.051645832368323319e+00,5.003501415920370121e+00,4.348056423107960478e-01
5.881472619358209641e+00,1.908796042191140518e+00,-1.151247336325693371e-01,1.463683817929669617e+00
5.280723383718305186e+00,2.397523492098217801e+00,-5.465335828845517163e+00,-5.243478436514050323e+00
-3.504729317968224400e+00,9.355685816005033795e-01,2.655319172164017361e-01,5.042184504574523385e-02
8.346850960510034056e+00,-1.405232434861699131e+00,2.171047009112282655e+00,7.000525761863707341e-01
2.725620823939742809e+00,-5.670293045907230135e-03,3.322424756958992087e-01,-5.738606746921907087e-01
1.127107872695841451e+01,4.168263770943033686e-01,-4.470327123562626292e-01,3.927078708655667327e+00
1.234735040518612909e-01,5.648961524405326173e+00,6.679746303829475984e+00,-7.653167097928446072e-01
1.528219189194634531e+01,-6.130780776866192605e-01,-4.053362993655290625e-01,3.113705284585309929e+00
2.085935631400819723e+00,-7.262913037768210511e-01,-4.327926947312316308e+00,-3.957579245862626660e+00
-3.185485136054931665e+00,1.402315788098761784e+00,-2.466750350559916705e-01,1.359642946243563966e+00
3.334445428466887296e-01,1.471506042952585247e+00,-1.486215353396958205e+00,-2.931725856029981703e+00
-2.019400500162755741e+00,-1.727502715087202156e-01,1.130587249795470983e+00,9.500691522712392256e-01
4.690365029978456057e+00,2.138190954255616116e+00,2.418824076883161922e+00,-2.325993477880237414e-01
1.356372771942999211e+00,2.870649172138403760e+00,2.102563862508076031e+00,1.478750285069420967e+00
1.566216989096505507e+01,-5.288389206645337515e-01,-1.001612395495830865e-01,2.342251766192265272e+00
-6.427494799240790257e+00,6.923295899135188947e-01,-1.004239748786968311e+00,4.999417415563528477e-01
6.083774522506850246e+00,1.337954160159843697e+00,-2.625686521378271188e+00,2.147143853531485735e+00
3.140331299167199219e+00,-4.876427132788251129e+00,3.729110064350142473e+00,-1.625751936419637778e+00
-5.363190640256775943e+00,-9.644746636644383475e-01,-1.547136026225405248e+00,-4.709052517695144768e-01
-5.918139895527944283e+00,-7.568483646115836683e-01,4.915364214335244952e-01,1.571772590562066307e+00
8.316414725367918814e-01,1.192511231969526353e+00,4.787570991652790875e-01,2.097042958827078252e+00
-7.559262785338133561e+00,-2.738576308367908219e+00,-3.027167514284900385e+00,2.363104335672418177e+00
1.373796361120666498e+00,1.346548691374248596e+00,-1.254159239564041739e+00,4.984452716897898594e-01
-1.818506342650323626e+00,-5.264590012613212799e+00,-1.112857146820511511e+00,3.570746358904269169e+00
-3.795663423771001299e-01,4.451583087860139787e-01,-7.869908400606409060e-01,1.508724538389323300e+00
-2.836484305576225218e+00,5.653544519838702431e-01,-1.459436521203409720e+00,4.661939993620725087e-01
-4.411563882768561484e+00,-2.300284719186614646e-01,4.364405372028117847e-01,-8.858651176007200506e-03
-3.453768289202630903e+00,-6.800911164725711444e-01,-6.919207282796147052e-01,1.706469386048540482e+00
7.693633160931228510e+00,-8.350831042754008893e-02,-7.616801561596904246e-01,-2.202830538931860094e+00
-1.938063041239802997e+00,5.168793498945219334e+00,3.576936991731778370e+00,-5.418757102672294712e-01
-4.553844532669583778e+00,-1.157831761270150972e+00,-2.383497674947765876e+00,-1.236321600988534497e+00
-2.095105420754066472e+00,1.225013158653955436e+00,-1.894121724962360531e+00,-6.540774667662294650e-01
-4.115729225958614457e+00,-1.688684655933123890e+00,2.934813778807528806e+00,-8.743839832789489508e-01
-3.733068664915720980e+00,-3.983259865721503257e+00,1.824905655212709199e+00,-4.554632716843002443e-02
1.226220449694281101e+01,-1.074454909782349077e+01,-1.854703745326866438e+00,9.921911939726878460e-01
-3.886374760600913358e+00,-2.270746994718808143e+00,3.669281643185121622e-01,-2.185679128609263333e-01
4.407507450488074241e+00,5.489574846241816353e+00,5.335657841074411323e+00,-1.132204608232312282e+00
-6.286286845653818567e+00,3.309044008506759393e+00,-8.694279378794190771e-01,1.222975512744806981e+00
-6.294121246025855321e+00,-2.131598870813287694e-01,-7.129730798668808545e-01,4.455598733054232374e-01
-5.198079870469641151e+00,1.651118748002675884e+00,-5.600160652245291665e-02,-4.163940862517806485e-01
2.840472551031498938e+01,7.718466578415861257e+00,-3.804991177602786934e+00,3.382429389981844725e+00
8.724983760725800508e+00,-8.452438422224987091e-01,-1.480724681268981602e+00,2.762527454622683454e+00
1.065281637090214417e+01,-9.129040459898595472e+00,2.022506555785173799e+00,-1.056888558656129851e+00
-6.015327091192234299e+00,-1.168210262970007074e+00,-1.904118296534909272e+00,2.472474754758967386e+00
-4.828002390163702806e+00,-9.238539576981149581e-01,2.452526218017667681e+00,1.929611361688647331e-01
8.476244327905209985e+00,1.544440977049228447e-01,-8.042672271940630724e-01,1.057176618986300998e+00
4.167610455842858386e+00,-3.641761526430156604e+00,1.535189694622015377e+00,2.641970625784695770e+00
1.016126050376342960e+01,-5.431068760317583788e+00,3.019115370725549585e+00,1.829291133951334303e-02
-3.983903178173934911e+00,-1.311501692801659180e+00,1.102001302149654194e+00,1.198416163674256574e-01
7.458491740602588571e+00,-6.328767478072166996e-01,-1.565796429374054721e+00,1.115726780116748529e+00
-9.295014420684754697e+00,2.014774191486392585e+00,1.293225534505509255e+00,-1.430092499687501739e+00
3.113058071150399675e-01,-1.815193366083289517e+00,-3.833130143075089147e-01,-9.069038028588869427e-01
1.003347484572836912e+01,-7.265900841856260506e+00,1.949775227331976168e+00,9.437408764701123998e-01
5.560485039254803308e-01,-2.232616338144776780e+00,-9.725950626048176506e-01,3.417049298214725805e+00
-3.455666814388430375e+00,-1.043717125372469745e+00,-1.229348478261145905e+00,2.134138666270867457e+00
-7.015170767355685122e+00,2.318359973137329000e+00,-8.308415235116883846e-01,1.290367775351464630e+00
3.762840425778202214e+00,-1.809549968727136859e-01,-2.151871826807668420e+00,2.429657011783574738e+00
-6.754036708693457847e+00,-3.854693560493696047e-01,-3.595842852174096493e-01,8.346382500837645768e-01
6.988404941893969768e-01,1.244428446851643555e+00,2.970309110304736322e-01,-2.386818897255122085e+00
-6.694592180458713848e+00,1.343710082285602958e+00,4.779862316086810559e+00,1.080874908777489152e+00
-7.115748018393107444e+00,4.936111780503541269e+00,-5.418992698679064857e-01,-9.191503683401012204e-01
3.039682070175653283e+00,1.235462637344244552e+00,-6.842359165366274087e-01,1.027201739501000910e+00
3.557102244232369870e+00,2.240731788094968702e-01,-1.894824152071425294e+00,2.053398967420627219e+00
1.127376717050009525e+01,2.112682528351167210e+00,-1.888831400374650915e+00,3.262171656825744837e+00
-2.936780497019566116e+00,-1.564494278296261420e+00,1.065811791449313040e+00,-1.351360477200424376e-02
8.527110352073423716e-01,-3.313607338293790949e+00,6.999380331432834002e-01,-7.453284923319313249e-01
-1.011531031747767290e-01,-9.547348783272776584e-01,3.783145512628289797e+00,-2.017779245921004438e+00
1.288476020677814837e+01,2.218606204798996728e+00,-8.481553046428883524e-01,-3.334349762983372045e+00
-3.824026539253632784e+00,-4.308313815029120586e-01,1.070753509565587791e+00,7.134003990748905011e-01
-6.592670856350294706e+00,7.668874047171077013e-01,-4.898001582163691858e-01,9.290484962296913229e-01
5.181882994240027074e+00,1.305555213485345201e+00,1.078878140270503661e+00,3.685459625496168012e+00
-1.282808377008643586e+00,-6.030119684781458655e-01,1.823919158353767944e+00,-2.630378237745321646e-01
-4.567760464463962222e+00,1.646354046380922753e+00,-1.967456516928967503e+00,-2.409047194789746715e+00
-3.965347656554324196e+00,4.647483192951885611e-01,-1.691811382424276977e-01,-5.693813307582633598e-01
-4.213016208045283761e+00,4.592863156759651844e+00,3.296512261561623358e+00,3.285303370773032250e-01
-9.538227132050056678e-01,-2.283211243365079302e+00,-6.679758875708378119e-01,1.839410747952763714e+00
-1.384028919339557628e+00,9.277980354655077644e-01,-4.946473933711794668e-01,2.026749244982005482e+00
-3.280162094541973605e+00,-4.720926964608913146e+00,-2.168565033472288128e+00,-3.164772740823294406e+00
-3.048489020071104783e+00,-1.100531476105362838e+00,1.330565711579125177e+00,1.210003158465153383e+00
2.492694016219398012e+00,1.065880439065561092e+01,1.372747730129084243e+00,-3.106243478242156630e+00
-9.910007954323920565e-01,1.393794929616242850e+00,-2.962693186515166666e+00,5.497969784553780048e-02
-2.647342198475114206e+00,-6.706929604022398017e-01,-1.659141093189205662e+00,2.492458679484325756e+00
8.448403981143862040e+00,2.725252505095168143e+00,5.005716663624697915e+00,2.641363692249123485e+00
5.674616971219209383e+00,2.768816833244259978e+00,1.851277691774805279e+00,9.722266409762790884e-01
3.022889959030641727e+00,4.149059217067265770e+00,3.472662637994114121e+00,8.629511685005879229e-02
1.224774657064648409e+01,-1.217548557391492814e+00,6.685183573851297689e-01,-1.458756123166340402e+00
-1.121639302419286111e+00,9.971088062840451904e-01,8.316740205596127034e-01,-3.683575089664648416e+00
9.305588973535401820e+00,-3.895819675479750721e+00,3.043265552740654911e+00,-2.190324421144040024e+00
-7.564157328484853338e+00,-2.922453591819465513e-01,-1.680829019242037203e+00,7.987185251883369697e-01
-1.600809658661447088e+00,1.932730821367376395e+00,-8.516046536465823324e-01,-3.056130759593348456e-01
-4.305541624265794454e+00,6.116902660590082697e+00,6.462151032263617756e-01,3.938080891815106677e-01
-4.412049452799871041e+00,-1.960506532007274760e+00,8.166047760851447013e-01,-2.672679728718016512e-01
-5.137328902897544403e+00,3.160195406975077059e+00,-1.108087571549997152e+00,-7.332267685339949326e-01
-2.211030148241901916e+00,-6.214845986810206835e-01,-3.760232809165672485e+00,-4.379401720750406568e+00
1.689602025835742927e+00,1.987549395062242763e-01,-2.690275209902054598e+00,-6.043442728617787196e-01
1.220026913866109286e+00,1.413179057438492148e+00,8.765229933776637061e-01,4.181954532206001995e-01
7.042075796784696529e+00,6.088199273395444422e+00,4.160469274126958439e+00,-1.155725841803550757e+00
8.751719914055852811e+00,-3.232314628752704699e+00,6.676582975711800039e-01,1.775717934369271278e+00
-7.330374279506101765e+00,9.444328994676762790e-01,3.032800566110937623e+00,2.041969801437463428e+00
1.163038120815772736e+01,1.565066584360554458e+01,-8.637367776470261660e-01,-3.591420794533648042e+00
6.337851381506537152e+00,2.346379678820884607e+00,1.757020226307122179e+00,2.513998306058643717e+00
-6.993009193545515423e+00,5.386314324599148051e+00,-5.310904704810782279e-02,1.560661838604540330e+00
2.136509329641194110e+00,2.335444434340594455e+00,1.204647911842283037e+00,3.608299967727044422e+00
-6.557885155233084795e+00,-1.776960307292676733e+00,1.321857697154321387e-01,-1.087680611422260801e+00
-5.614267213828899372e+00,1.095211090947395993e+00,-2.737786061285388262e-01,-1.207903701652633388e-01
2.602818085840241658e+00,-1.974825530320554634e+00,-1.243994409554446623e+00,1.937259881963736552e+00
-4.002073347241992707e+00,-1.396866731476236412e+00,3.444004268349245557e+00,1.420747854305107083e+00
-7.467019570876940016e+00,-1.105130692377447765e+00,-1.467036437904714885e-01,1.087393268310044014e+00
2.648100179525255005e+00,-2.786740090746011589e-01,-2.678761928942518189e+00,-1.823288926894160333e+00
-3.629648848263429262e+00,2.181805633490615293e+00,-3.119731400456218218e+00,-3.537977807357852278e+00
-2.756720510888861053e+00,5.261223525088966291e+00,3.699721222112674734e+00,-1.277791490225475002e+00
-1.219507919487846426e+00,-8.639380240177661818e+00,5.633125333070808871e+00,1.767940805139790239e+00
-5.829476040382759905e+00,2.581140639605671971e+00,1.879286115228635312e+00,1.962098023402142566e+00
1.908919256931013209e+01,2.220324782756514903e+00,-4.218803639052158161e+00,-4.632845387841199702e+00
-4.898401735526180190e+00,-1.259462483846111702e+00,-1.009567540044513656e+00,6.154939917248020143e-01
7.221266361379871657e-02,-5.912355504420887087e+00,5.776267889501187636e-01,-2.321765474745122848e+00
-6.285113206659810103e+00,-2.816942463733264290e+00,1.819724086626966830e+00,-5.520750670608358668e-01
2.534599911389928462e+00,-1.187962876752835184e+00,1.495043145948456775e+00,-5.010137519414045171e-01
2.481095290160713951e+00,-6.059135304223169705e+00,-3.311692166875456422e+00,-5.332738072042779720e+00
-7.731922011422956764e+00,3.385889641127907357e+00,-7.865107347297396467e-01,6.967991277235657810e-01
-1.914760789437135458e+00,-8.369717775131228776e-02,-2.219920369111872960e-01,1.695110509321172021e+00
-5.443153709914638760e+00,4.190540260334500722e-02,-1.502651138357372185e+00,4.480473174562831784e-01
3.413235386613699962e+00,-2.077497913767027526e+00,-1.152704861368181177e+00,2.908252209546558387e+00
1.453525318125353794e+00,-2.493081697545925568e+00,4.009266611932526203e+00,-1.803330757193027489e+00
-1.485776319816152435e+00,-2.686236172372814757e+00,2.843485308181606719e+00,4.165807757826242019e-01
5.630058132272298010e+00,-6.033454879477088140e-01,-5.636440526195977796e+00,-6.388555323164194277e+00
-5.107841016653279276e+00,-6.819392237033220505e-01,-6.285225785779289254e-01,1.727172353915165326e+00
-1.808513866644823498e+00,-3.439671157940210389e+00,3.298931659447508769e-01,5.247960819336778826e-01
-2.720160401776847259e+00,-1.800489824587112819e+00,3.199822468397392483e-01,2.772381759416437941e+00
1.842737011898891941e+00,1.527103403073141852e+00,-1.265439505979283563e+00,9.560525668963645307e-01
1.867085303507673189e+01,1.411843718196979847e+00,-5.164042392410767235e+00,3.684226389516781275e+00
-1.591930153084091248e-01,2.721594953687104468e+00,-3.079117659876724478e+00,2.825253809644587832e-01
-1.521680239936583190e+00,-4.521492458697269790e+00,6.739561698642322629e-02,-3.939313996431778042e-01
-6.204701155220393005e+00,-8.055177764500155713e-02,2.534379527224976322e-02,4.243453448180547483e-01
-5.611352501900555900e+00,-1.960480266978898545e+00,1.391846502481143499e+00,1.688820326137759231e+00
5.761628779616311924e+00,-1.102235560496207967e+00,-2.906892385711057791e+00,2.936853030674155374e+00
-6.536910270210796625e+00,-6.745239300922680759e-01,-1.258381384828624272e+00,6.930178152994583840e-01
-6.454201441017559659e+00,-3.181330282300225409e+00,-3.548734383129984238e+00,-3.137171216624472958e+00
-4.936039951772802858e+00,-2.228646037905047006e+00,-2.713583226520578595e+00,-1.136967764287796445e+00
-2.600618644289563741e-02,-1.058874467824643562e+00,5.185660663240084789e-01,-1.606255110016583831e+00
1.366690891636477190e+01,-1.182750126837651683e+00,-2.156320839362796615e+00,1.905631062672038745e+00
-3.835103999784940765e+00,5.548677436354889636e+00,-2.294219737230297262e+00,3.878747867988361908e-01
-5.589485541856350714e+00,3.372518292646684568e+00,-1.797171354103665575e+00,-1.130801866383174481e+00
1.275334511368182655e+00,-2.393453589273904392e+00,5.531809962778745371e-01,-4.900993288885721610e-01
-4.451876735259989282e+00,-1.861652464232430582e+00,-1.154617754457208267e+00,1.451264394765681143e+00
-1.612747016766889585e+00,-4.374518612988491206e+00,-7.938031178506896879e-01,-8.679919542717813297e-01
2.891739259412099194e+00,-1.655634703160467680e+00,1.227440444670040209e+00,6.303688708915555772e-01
1.740382944108037178e+00,-4.552757462843822545e+00,3.310900217779467969e+00,-5.899158193021583063e-01
8.530835301801952042e+00,-4.803506005660914013e+00,1.579193479693684843e+00,-1.670746251684750883e+00
-6.379146376326487733e+00,-4.954224355932934643e+00,-1.896493909896778129e+00,-2.893222957980726484e+00
-1.550245986640279350e+00,-9.876662897417067821e-01,8.455462680908105710e-01,-4.095233472015305409e+00
2.124695129394794435e+01,2.235034116155616424e+00,6.241056515684507700e-01,1.742080479188355957e+00
-6.223838253289920353e+00,-6.895497460238682319e-02,1.210013041585400240e+00,9.543691610236447742e-01
1.043533572904597051e+01,-1.170684502097091295e+00,4.001267224111554555e+00,-1.905799095590687608e+00
1.279474605942864862e+01,6.919772716732821571e-01,-5.061693602301092776e-01,3.214676695473835721e+00
3.025824213925337247e+01,-3.491277941864352030e+00,4.544159200978777235e+00,-9.032854035131114845e-01
-9.374558387621256816e-01,3.689852963500861005e+00,-1.320837011783913439e+00,-1.544181967705718916e+00
6.193466762575273954e+00,1.596883936974115903e+00,-3.885550032333184856e+00,-8.011101372394535680e-02
-7.042371213258761919e+00,-5.643384872085029091e-02,-8.251315411567786695e-01,1.062942853710459712e+00
-6.693761854228246655e+00,1.200520513827506575e+00,1.347702299866709419e+00,-2.344282399371626913e-01
4.697993213973919779e+00,9.316207204730954317e+00,3.089814649404767355e+00,2.432857391219188092e-01
-3.611030760255437677e+00,2.331612474052658257e+00,2.260938863554806222e+00,6.832006164977924567e-02
1.130960230377119569e+00,1.419621613969390772e+01,-3.436492006854116710e+00,-6.223608163954059691e+00
6.763948851430696685e+00,-1.530672737882885714e+00,3.456756580821708003e+00,-4.037431611483635052e+00
7.618060852644319425e+00,2.815305646439755893e+00,-4.263054751890084093e-01,2.097735296392532867e+00
1.373577860020829000e+01,-1.200698670666289658e+00,-1.665890808049531380e+00,1.354009364828178130e+00
-1.511517239808412461e+00,2.316114274552167618e-01,1.076848780419249696e+00,-1.548642028862794673e+00
-2.168846273220401244e+00,6.099336799064343506e-02,3.707799604381399328e-01,2.592459969111798657e+00
-2.105250217857470574e+00,3.331961364248606561e+00,-2.125478212458145499e+00,-3.716874856384766446e+00
4.148609819196884096e+00,-6.703067693653879111e+00,-8.555727724223318731e-01,1.739610913856509233e+00
-9.620001893933517678e+00,2.124591859692709084e-01,8.690124077641429023e-01,1.091369335392067541e-01
-2.100980670219370072e+00,-8.228019270994475498e-01,-6.849496614077588141e-01,-5.062274513912893292e-01
-5.333974130180073603e-01,-2.384756885995540643e-01,-1.199416902937818774e+00,2.307587665448724401e+00
4.608672777841832158e+00,-1.995065099528920527e+00,8.513505473902747145e-01,1.480424234266622507e+00
-5.678513347396918043e+00,1.878413367626468489e+00,5.289284359244181832e-01,1.480568548917251537e+00
-6.609911310984606381e+00,-1.760121453754677878e+00,4.950988923422396937e+00,-3.222826196002379184e+00
-4.602927886897669296e+00,3.798522902895793418e+00,1.211174118920348652e+00,6.390171744036143853e-01
-1.671658026389198914e+00,-5.342434017866634299e+00,1.332410128564189167e+00,-2.977023286960364334e+00
2.443589887152875395e+00,9.857145700359791762e-01,7.436580100227994095e-01,4.684435413621978461e-01
-5.057409028703220955e+00,6.290317333436489244e-01,-3.662021099848923988e+00,-8.192978535701327392e-01
-1.115538581227490944e+00,-1.416148123566878470e+00,-2.263434220807742037e+00,-4.834184239093687552e+00
-9.991321359119378798e+00,6.002958044279086636e+00,-9.196758714359360987e-01,-6.746911879540058443e-01
1.804972686787928160e-01,-1.111972574988368878e+00,-7.310573124838274373e-01,-9.942284366331336498e-01
1.592401165121380302e+00,-2.668454638408443103e+00,3.259698201339791268e+00,-3.970461756921549679e+00
-4.791291973584303143e+00,4.134075922894347443e-01,-8.558960367378160017e-01,-1.660599457827494907e-01
2.996168613112260903e+00,-5.284251543616030666e+00,1.492559102670042437e+00,-1.314828720791579864e+00
-4.202296394863378026e+00,-4.014156007736292331e+00,-3.989727386787335739e+00,-2.724674996111563274e+00
-6.518915665201134857e+00,-1.823209610606084385e-01,-3.880981715292859402e-01,1.438521829904671145e+00
3.509998201557721575e+00,1.259324052252738246e+00,-5.947470477799995381e-01,1.693389025569604245e+00
1.254499735760312973e+01,9.766895843734408889e-01,-4.904641351964004192e-01,1.770218312630956303e+00
-4.551016958611045382e+00,4.544589359934421147e+00,2.808200473666456531e+00,5.184778149618655269e-02
2.903071357581008538e+00,2.664533040863849012e-01,1.841730722625276151e+00,6.097234166756200224e-01
-6.540050702504061952e+00,-9.798121287287836489e-01,-1.288682866727195453e+00,1.666110798634740098e+00
-1.036416758893661694e+00,1.169883009312366440e+00,-3.741075677649590148e+00,-3.362896937049677959e+00
-4.575799196567214899e+00,-1.245489749354794062e+00,-1.549687036445479782e+00,2.318835515844444028e-01
-1.176978774536612482e+00,-2.278310089127083771e+00,2.315995706303162205e-01,1.544438156865949319e+00
-6.421221250737996655e+00,-1.133135294474953314e+00,-4.492295408155986269e-01,6.986522678174109657e-01
1.695736581906303719e+00,1.858217838113006559e+00,7.744833066455901471e-02,1.188558173160155329e+00
1.833023859148058321e+01,4.036907298214222450e+00,-3.732533840703043393e-01,6.288193816869862562e-01
-5.048070978023991628e+00,2.107634546902459882e-01,-1.768275589708824924e+00,1.921175797563143273e-01
-3.438929336505907930e+00,8.411371071074873029e+00,1.767324590266192486e+00,8.091694358083785232e-01
-7.828154244914356852e+00,1.783913974226853050e+00,-2.743671238230070974e-01,1.506613489737287814e+00
-5.542303537076323394e+00,-3.576171076183384034e+00,1.306347583499165355e+00,7.815080528623525868e-01
1.083686020334251099e+00,-5.850810939015758938e-02,1.319306723639969814e+00,-3.226329547545758181e-01
7.086017505015560491e-01,-6.996088606473024107e+00,1.397901402615968847e+00,9.387443526972469865e-01
9.760264567468876606e+00,2.511224294214305375e-01,2.039999950142413532e+00,-1.787147057565218855e+00
8.894888080440065181e+00,2.626031114073515749e+00,-1.687876206966265613e+00,2.324217276521518827e-02
1.979175919925279636e+00,-9.066415739414054320e-01,2.298712481052138656e+00,-3.367422591277962063e+00
5.253896857565740763e-01,-1.054381459545910449e+00,-1.559214491453128293e+00,2.273525587002486859e+00
-3.855797839514924163e+00,-3.211192854575104949e+00,1.165352917220924711e+00,-3.882858275369602263e-01
2.770014867774559075e+00,3.436231732036797659e+00,3.601844418668113779e+00,-1.968796508903497777e+00
-3.633954613922131038e+00,-1.158223544383095049e+00,1.055575266001301582e+00,1.921766683015634136e+00
5.731148244926708379e+00,2.315998854332838253e+00,-2.913968484256894698e+00,3.485482124541714910e+00
-3.088504336131604244e+00,-6.002046830668541499e-01,-2.762608794416623770e+00,-1.844332859264030455e+00
6.244542966997140176e+00,-1.284311056175344301e-01,-2.442608781837146914e+00,-5.459335400579767850e-01
-4.565118147900673939e+00,7.455443749939020037e+00,2.205921304698016616e+00,1.340189156741583565e+00
-8.889182283106464411e+00,2.288673093561560457e+00,1.133067822008062830e-01,1.194553909932396074e+00
2.319480157456949243e+00,-5.158115197762207949e+00,-9.313309500644437744e-01,-2.560492251552088927e+00
-7.008525165429150938e+00,1.885453460844504159e+00,-8.989358585568897331e-01,8.739571801634338222e-01
4.589773738224161903e+00,3.801367176285377791e+00,1.563262181313715971e+00,-1.654538251712154018e-01
-6.491599031859316860e+00,-3.949203704669232540e+00,-4.315181142645505008e-01,-1.590914953273620425e+00
4.444039216259707992e+00,-1.086219971762816705e+00,-5.363799344137027525e+00,3.450912563888556939e+00
-2.503979791879523908e+00,2.378279726361494539e+00,7.571417699715533578e-01,1.286109913706040553e+00
1.459437902951551891e+01,-3.266074406163703259e+00,-2.731700002537194916e+00,3.826876785000274950e+00
1.576411205643603708e+00,-1.990888786477508221e+00,-2.785369821684988700e+00,-3.104769105231256265e+00
-1.659820881475239096e+00,-4.941952756231583699e+00,3.254983926127838156e+00,-5.304255852844631525e-01
-4.001529047691329666e+00,-3.093719455530900664e+00,3.768833991047064735e+00,-5.211845048800103353e-01
-5.240014986276579911e+00,2.094771022157814855e+00,-3.266981054058327172e-01,-1.025283085783425197e+00
7.228400594035153670e-01,-4.476846358928298630e-01,-2.560810781810010650e-01,2.855489048342261693e+00
2.239527565595044933e+01,2.556859180801061893e+00,-3.914373831926617697e+00,8.044793788874020635e-01
8.358133276266231704e+00,-3.876750213528883826e+00,-3.728657769869399563e-01,-4.198106505840458524e+00
-2.142066825952852582e+00,-3.579585250000865138e+00,2.055358103377662893e+00,-5.316862336790344479e-01
-6.733369956335467421e+00,4.985202926598355511e+00,7.224355311413758196e-01,3.157836539165301271e-01
3.388803769452093384e+00,2.920785212631531458e+00,7.575863980156386290e+00,-3.245714026567493860e-01
9.301667833063216762e+00,-2.524227301773388721e+00,1.247543879570670727e-02,2.584330917264891170e+00
-2.738224312423918061e+00,4.015145110536840534e+00,2.597993928109918471e-01,-1.259265876949537122e-01
-5.631934952003793349e+00,-1.258916234144673796e+00,9.927630525388539962e-01,4.389562133389998122e-01
5.054216904892331996e+00,3.852952396428236614e+00,1.019219128877341563e+00,-4.169833338616377283e+00
-3.989848849391414376e+00,-1.178582599216408955e+00,3.038784045718153637e-01,1.565571946393636837e+00
-1.055813134282237620e+01,1.030493859021162306e+00,1.101824359539568032e+00,1.538285728541807507e-01
7.528393337034557042e+00,5.072170495923785660e-01,-2.159755594373042112e-02,3.187873785835807716e+00
-6.935730327634336945e+00,-1.225944698180062131e+00,-1.518366445877797899e+00,1.630483064856554476e+00
-6.821132617433363521e+00,6.050660425854403002e+00,3.939606585567613006e+00,1.358424018126318522e+00
-5.478219120307594281e+00,-6.377962893091501106e-01,-5.379713395625437267e-01,1.277279091743698913e+00
-6.548615716104095874e-01,2.119175425722800377e+00,2.929253561636592451e+00,1.891542631075534997e+00
3.758111188729010621e+00,1.327354182223937418e+00,2.575052563004618378e-01,-4.681648398947597656e-01
3.691313146821637581e+00,2.108003252882903578e+00,-2.643992775216102320e+00,-6.212977161503154822e-01
4.344783050318409501e+00,2.200124233837240428e+00,-4.494524565750396938e+00,-1.636702812999111245e+00
1.306836795692473885e+01,-1.276377000310256582e+00,2.124333868692503291e+00,-1.157051864607963054e+00
6.961428163915055201e-02,-3.882384040417267368e+00,-1.431745466166261527e-01,-4.820329412068309893e-01
3.305948223178369894e+00,7.468945190351247154e-01,-2.851230303031520030e+00,-2.434333686709964528e+00
-3.841557978783221472e+00,-1.165089156614937504e+00,9.980076922896574665e-02,2.005509164989863091e+00
8.835535958596832939e-01,-2.719155271991907430e+00,-7.104705569939090068e-03,2.615681577199812757e+00
-6.010144390867446340e+00,-1.216663153002643494e+00,-2.136232217885067453e+00,-4.673926415160085113e-01
4.115162574105847959e+00,6.753400649182675908e-01,7.676000386526825592e-01,3.317224904001698227e-01
-5.860774014633506113e+00,5.761661054937595949e+00,8.103408132781947382e-01,1.511034266297623274e+00
1.365310728529586903e+01,1.673367656767175360e+00,1.913609149185109048e+00,-2.787554543859317668e+00
-7.002094268111950015e+00,2.644549137383868653e-01,-6.327721320813232131e-01,1.218540678454381965e+00
